;choice_0_0;choice_1_0;choice_2_0;choice_3_0;av_0_0;av_1_0;av_2_0;av_3_0;CHARGING_FUELING_TIME_0_0;CHARGING_FUELING_TIME_1_0;CHARGING_FUELING_TIME_2_0;CHARGING_FUELING_TIME_3_0;PURCHASE_PRICE_0_0;RANGE_0_0;PURCHASE_PRICE_1_0;RANGE_1_0;PURCHASE_PRICE_2_0;RANGE_2_0;PURCHASE_PRICE_3_0;RANGE_3_0
0;1;0;0;0;1;1;1;0;2;2;15;0;8.235294118;7;22.35294118;5;12.94117647;2.5;0;0
1;0;0;1;0;1;1;1;0;2;2;5;0;4.761904762;7;8.571428571;5;10.47619048;2.5;0;0
2;0;0;0;1;0;1;1;1;0;2;10;2;0;0;13.84615385;5;20;6.5;13.84615385;6
3;0;0;1;0;0;1;1;0;0;2;5;0;0;0;13.10344828;5;4.137931034;6.5;0;0
4;0;0;0;1;1;0;0;1;2;0;0;2;7.222222222;5;0;0;0;0;5;6
5;0;0;1;0;1;0;1;1;2;0;5;2;17.89473684;5;0;0;15.78947368;4.5;9.473684211;4
6;0;0;1;0;1;0;1;0;2;0;25;0;15.29411765;9;0;0;22.35294118;4.5;0;0
7;0;0;1;0;1;1;1;0;2;2;15;0;13.68421053;7;5.263157895;9;5.263157895;2.5;0;0
8;1;0;0;0;1;0;1;0;2;0;15;0;8.235294118;7;0;0;7.058823529;6.5;0;0
9;1;0;0;0;1;1;1;0;2;2;20;0;10.76923077;7;16.92307692;5;29.23076923;4.5;0;0
10;0;0;1;0;0;1;1;1;0;2;10;2;0;0;42.22222222;5;28.88888889;4.5;20;8
11;0;0;1;0;0;1;1;1;0;2;10;2;0;0;12;5;6.666666667;4.5;13.33333333;8
12;0;0;0;1;1;0;1;1;2;0;25;2;13.6;7;0;0;4.8;2.5;8.8;8
13;0;0;0;1;0;1;1;1;0;2;10;2;0;0;15.55555556;7;22.22222222;2.5;20;8
14;0;0;0;1;1;0;1;1;2;0;20;2;32;9;0;0;28;2.5;36;6
15;0;0;1;0;0;1;1;1;0;2;10;2;0;0;37.77777778;7;15.55555556;6.5;24.44444444;4
16;0;1;0;0;0;1;1;0;0;2;5;0;0;0;15.55555556;9;42.22222222;4.5;0;0
17;0;0;0;1;0;1;1;1;0;2;15;2;0;0;10.76923077;9;20;4.5;13.84615385;4
18;0;1;0;0;1;1;1;0;2;2;20;0;3.888888889;7;6.111111111;5;7.222222222;6.5;0;0
19;0;0;0;1;1;0;1;1;2;0;5;2;12.94117647;5;0;0;9.411764706;4.5;10.58823529;8
20;0;1;0;0;0;1;1;1;0;2;15;2;0;0;23.63636364;9;10.90909091;2.5;16.36363636;6
21;0;0;0;1;0;0;1;1;0;0;10;2;0;0;0;0;44;2.5;32;6
22;0;1;0;0;1;1;1;0;2;2;5;0;23.63636364;5;5.454545455;9;20;4.5;0;0
23;0;0;1;0;1;1;1;0;2;2;25;0;5.454545455;7;20;5;20;6.5;0;0
24;0;0;1;0;1;0;1;0;2;0;25;0;9.62962963;9;0;0;14.07407407;4.5;0;0
25;0;1;0;0;0;1;1;0;0;2;20;0;0;0;10;9;24.28571429;6.5;0;0
26;1;0;0;0;1;0;1;1;2;0;20;2;6.086956522;9;0;0;8.695652174;2.5;13.04347826;4
27;0;0;0;1;0;1;1;1;0;2;10;2;0;0;2.608695652;9;9.565217391;2.5;7.826086957;6
28;0;1;0;0;0;1;1;1;0;2;10;2;0;0;8.235294118;9;22.35294118;4.5;9.411764706;4
29;0;0;1;0;0;1;1;0;0;2;20;0;0;0;20;7;23.63636364;6.5;0;0
30;0;0;1;0;0;1;1;1;0;2;10;2;0;0;34.54545455;7;10.90909091;6.5;20;4
31;0;0;0;1;1;0;1;1;2;0;20;2;33.33333333;9;0;0;33.33333333;4.5;17.77777778;4
32;0;1;0;0;0;1;1;1;0;2;10;2;0;0;16.92307692;9;4.615384615;4.5;26.15384615;8
33;0;1;0;0;0;1;1;0;0;2;5;0;0;0;40;9;60;4.5;0;0
34;0;0;1;0;1;0;1;1;2;0;20;2;4.8;9;0;0;5.6;6.5;8.8;4
35;1;0;0;0;1;0;1;0;2;0;20;0;9.090909091;5;0;0;23.63636364;6.5;0;0
36;0;0;1;0;1;1;1;0;2;2;5;0;17.33333333;9;14.66666667;7;8;2.5;0;0
37;0;0;1;0;1;0;1;1;2;0;10;2;17.33333333;9;0;0;12;2.5;20;6
38;0;0;1;0;1;0;1;1;2;0;15;2;15.29411765;9;0;0;10.58823529;2.5;9.411764706;6
39;0;0;1;0;1;0;1;0;2;0;15;0;3.888888889;7;0;0;6.111111111;2.5;0;0
40;0;0;1;0;0;1;1;1;0;2;15;2;0;0;24.44444444;7;28.88888889;6.5;33.33333333;4
41;1;0;0;0;1;0;1;0;2;0;5;0;2.777777778;9;0;0;2.777777778;2.5;0;0
42;0;0;1;0;1;0;1;1;2;0;10;2;13.75;5;0;0;18.75;6.5;13.75;4
43;0;0;1;0;1;1;1;0;2;2;20;0;130;7;70;9;80;6.5;0;0
44;1;0;0;0;1;1;1;0;2;2;15;0;8.571428571;9;24.28571429;5;18.57142857;4.5;0;0
45;0;0;0;1;1;0;1;1;2;0;20;2;20;7;0;0;15.55555556;6.5;24.44444444;4
46;1;0;0;0;1;1;0;1;2;2;0;2;2.777777778;9;5.555555556;5;0;0;5;6
47;0;0;0;1;0;1;1;1;0;2;5;2;0;0;10.4;7;5.6;6.5;8;4
48;0;1;0;0;0;1;1;1;0;2;15;2;0;0;10.76923077;7;23.07692308;6.5;12.30769231;8
49;0;1;0;0;0;1;1;0;0;2;20;0;0;0;52;9;32;4.5;0;0
50;1;0;0;0;1;0;1;0;2;0;15;0;6.086956522;9;0;0;13.04347826;4.5;0;0
51;0;0;0;1;1;0;1;1;2;0;10;2;6.666666667;9;0;0;12;2.5;14.66666667;6
52;0;0;1;0;0;0;1;1;0;0;20;2;0;0;0;0;31.42857143;6.5;31.42857143;4
53;0;0;1;0;1;0;1;0;2;0;10;0;13.68421053;5;0;0;7.368421053;4.5;0;0
54;1;0;0;0;1;1;1;0;2;2;5;0;27.14285714;5;8.571428571;9;10;4.5;0;0
55;1;0;0;0;1;0;1;1;2;0;10;2;13.04347826;7;0;0;7.826086957;6.5;7.826086957;4
56;0;1;0;0;0;1;1;1;0;2;5;2;0;0;5.882352941;7;12.94117647;2.5;10.58823529;8
57;0;0;0;1;0;1;1;1;0;2;20;2;0;0;6.111111111;9;5;4.5;5;4
58;0;0;0;1;1;0;1;1;2;0;20;2;11.57894737;7;0;0;15.78947368;4.5;8.421052632;8
59;1;0;0;0;1;0;1;1;2;0;10;2;13.84615385;7;0;0;13.84615385;2.5;16.92307692;4
60;0;0;0;1;1;1;0;1;2;2;0;2;10.76923077;9;13.84615385;7;0;0;12.30769231;4
61;0;0;0;1;1;1;0;1;2;2;0;2;17.64705882;5;3.529411765;7;0;0;9.411764706;8
62;0;0;0;1;0;0;1;1;0;0;15;2;0;0;0;0;12.72727273;2.5;23.63636364;6
63;1;0;0;0;1;1;0;1;2;2;0;2;15.29411765;7;10.58823529;9;0;0;12.94117647;4
64;0;0;0;1;1;0;1;1;2;0;20;2;8.965517241;5;0;0;6.206896552;4.5;5.517241379;8
65;0;1;0;0;0;1;1;1;0;2;15;2;0;0;10.76923077;5;20;4.5;12.30769231;8
66;0;0;1;0;1;1;1;0;2;2;5;0;28.88888889;7;17.77777778;9;11.11111111;2.5;0;0
67;1;0;0;0;1;1;0;1;2;2;0;2;6.666666667;5;12;7;0;0;12;8
68;1;0;0;0;1;0;0;1;2;0;0;2;27.27272727;9;0;0;0;0;18.18181818;4
69;0;1;0;0;1;1;1;0;2;2;10;0;22.35294118;5;8.235294118;7;12.94117647;2.5;0;0
70;0;0;1;0;0;1;1;1;0;2;15;2;0;0;20;7;10.90909091;6.5;20;4
71;0;0;1;0;1;1;1;0;2;2;10;0;8;7;10.4;5;5.6;6.5;0;0
72;0;1;0;0;0;1;1;1;0;2;15;2;0;0;68;9;28;4.5;36;4
73;0;0;0;1;1;0;1;1;2;0;15;2;28.88888889;5;0;0;28.88888889;6.5;20;6
74;0;1;0;0;1;1;1;0;2;2;10;0;22.35294118;5;8.235294118;7;12.94117647;2.5;0;0
75;0;0;0;1;1;0;1;1;2;0;25;2;33.33333333;5;0;0;24.44444444;6.5;33.33333333;6
76;1;0;0;0;1;1;1;0;2;2;25;0;13.33333333;7;24.44444444;5;24.44444444;6.5;0;0
77;1;0;0;0;1;0;1;1;2;0;25;2;9.473684211;9;0;0;20;4.5;9.473684211;4
78;1;0;0;0;1;0;1;1;2;0;5;2;16.25;5;0;0;18.75;6.5;11.25;6
79;0;0;1;0;0;1;1;1;0;2;20;2;0;0;54.28571429;7;14.28571429;2.5;31.42857143;8
80;1;0;0;0;1;0;1;1;2;0;20;2;18.57142857;5;0;0;8.571428571;6.5;18.57142857;6
81;0;0;1;0;0;1;1;1;0;2;25;2;0;0;12.72727273;9;20;2.5;16.36363636;6
82;0;0;0;1;0;1;1;1;0;2;20;2;0;0;23.63636364;5;5.454545455;4.5;16.36363636;8
83;0;1;0;0;0;1;1;1;0;2;15;2;0;0;13.04347826;5;4.347826087;4.5;7.826086957;8
84;1;0;0;0;1;1;1;0;2;2;5;0;12.72727273;9;27.27272727;7;12.72727273;2.5;0;0
85;0;0;0;1;0;1;1;1;0;2;20;2;0;0;14.66666667;7;9.333333333;6.5;12;4
86;0;0;1;0;1;0;1;0;2;0;25;0;33.33333333;5;0;0;6.666666667;4.5;0;0
87;0;1;0;0;0;1;1;1;0;2;25;2;0;0;12.94117647;5;8.235294118;4.5;12.94117647;8
88;0;1;0;0;0;1;1;1;0;2;10;2;0;0;2.857142857;9;12.38095238;4.5;16.19047619;4
89;0;0;1;0;0;0;1;1;0;0;20;2;0;0;0;0;11.57894737;2.5;11.57894737;8
90;1;0;0;0;1;1;0;1;2;2;0;2;12.94117647;9;20;5;0;0;12.94117647;6
91;0;0;0;1;0;1;1;1;0;2;15;2;0;0;11.57894737;5;11.57894737;4.5;10.52631579;8
92;0;0;0;1;0;1;0;1;0;2;0;2;0;0;1.666666667;9;0;0;7.222222222;6
93;0;0;0;1;1;0;1;1;2;0;5;2;7.2;7;0;0;5.6;4.5;7.2;8
94;0;0;1;0;1;0;1;1;2;0;20;2;8.965517241;5;0;0;6.206896552;4.5;5.517241379;8
95;0;0;0;1;1;1;0;1;2;2;0;2;9.333333333;7;20;5;0;0;10.66666667;8
96;0;0;1;0;1;0;1;0;2;0;25;0;28.88888889;7;0;0;33.33333333;4.5;0;0
97;0;0;0;1;1;1;0;1;2;2;0;2;22.66666667;5;9.333333333;7;0;0;12;8
98;0;0;0;1;1;0;1;1;2;0;10;2;30.90909091;7;0;0;16.36363636;6.5;18.18181818;4
99;0;0;1;0;1;1;1;0;2;2;10;0;3.333333333;9;7.222222222;7;3.888888889;2.5;0;0
100;0;0;0;1;1;0;1;1;2;0;10;2;4.444444444;5;0;0;10.55555556;4.5;5;8
101;0;1;0;0;1;1;1;0;2;2;25;0;10.4;5;5.6;7;15.2;4.5;0;0
102;0;0;1;0;0;0;1;1;0;0;20;2;0;0;0;0;6.666666667;2.5;14.66666667;8
103;0;0;1;0;1;1;1;0;2;2;15;0;23.63636364;5;10.90909091;9;12.72727273;4.5;0;0
104;0;0;0;1;0;0;1;1;0;0;15;2;0;0;0;0;12.72727273;4.5;16.36363636;8
105;0;0;0;1;0;0;1;1;0;0;5;2;0;0;0;0;14.66666667;2.5;22.66666667;8
106;0;0;0;1;0;1;1;1;0;2;5;2;0;0;7.368421053;7;20;6.5;11.57894737;4
107;0;0;1;0;0;1;1;0;0;2;10;0;0;0;12;5;12;4.5;0;0
108;0;0;1;0;0;1;1;1;0;2;5;2;0;0;11.57894737;9;5.263157895;4.5;9.473684211;4
109;0;0;1;0;0;1;1;1;0;2;10;2;0;0;3.888888889;7;4.444444444;6.5;8.333333333;4
110;1;0;0;0;1;1;1;0;2;2;20;0;2.777777778;5;2.777777778;7;7.222222222;6.5;0;0
111;0;1;0;0;0;1;1;0;0;2;15;0;0;0;15.71428571;5;8.571428571;4.5;0;0
112;0;0;0;1;1;1;0;1;2;2;0;2;42.22222222;5;20;7;0;0;24.44444444;8
113;0;0;0;1;1;0;1;1;2;0;15;2;5.454545455;7;0;0;18.18181818;6.5;30.90909091;4
114;0;0;1;0;0;1;1;1;0;2;25;2;0;0;7.058823529;7;12.94117647;2.5;17.64705882;8
115;0;0;1;0;0;1;1;0;0;2;10;0;0;0;28.88888889;9;11.11111111;2.5;0;0
116;0;0;0;1;0;1;1;1;0;2;25;2;0;0;13.68421053;9;7.368421053;4.5;9.473684211;4
117;1;0;0;0;1;1;1;0;2;2;10;0;15.55555556;5;20;7;28.88888889;6.5;0;0
118;0;1;0;0;1;1;1;0;2;2;20;0;12.72727273;5;12.72727273;9;20;4.5;0;0
119;1;0;0;0;1;1;0;1;2;2;0;2;42.22222222;7;13.33333333;9;0;0;20;4
120;0;0;1;0;0;1;1;0;0;2;25;0;0;0;54.28571429;5;31.42857143;6.5;0;0
121;0;0;0;1;0;0;1;1;0;0;20;2;0;0;0;0;16.25;6.5;11.25;6
122;0;1;0;0;0;1;1;1;0;2;10;2;0;0;7.058823529;7;10.58823529;2.5;10.58823529;8
123;0;0;1;0;1;0;1;1;2;0;15;2;6.666666667;9;0;0;11.11111111;4.5;6.666666667;4
124;0;0;0;1;1;0;1;1;2;0;25;2;11.57894737;9;0;0;3.157894737;4.5;8.421052632;4
125;0;0;0;1;0;0;1;1;0;0;10;2;0;0;0;0;10.4;6.5;8.8;6
126;0;0;1;0;1;0;1;0;2;0;25;0;3.703703704;7;0;0;6.666666667;6.5;0;0
127;0;0;1;0;0;0;1;1;0;0;10;2;0;0;0;0;10.47619048;2.5;7.619047619;6
128;0;1;0;0;0;1;1;1;0;2;25;2;0;0;6.956521739;9;7.826086957;2.5;7.826086957;6
129;1;0;0;0;1;0;1;1;2;0;25;2;15.78947368;7;0;0;7.368421053;2.5;15.78947368;8
130;0;0;1;0;0;1;1;0;0;2;25;0;0;0;20;5;16.36363636;6.5;0;0
131;0;0;1;0;0;1;1;0;0;2;10;0;0;0;12.59259259;7;8.148148148;2.5;0;0
132;0;1;0;0;1;1;1;0;2;2;5;0;6.111111111;9;6.111111111;7;3.333333333;2.5;0;0
133;0;0;1;0;1;0;1;0;2;0;20;0;7.692307692;5;0;0;20;6.5;0;0
134;0;0;0;1;1;1;0;1;2;2;0;2;3.157894737;5;11.57894737;7;0;0;11.57894737;8
135;0;0;1;0;0;1;1;1;0;2;5;2;0;0;16.92307692;5;16.92307692;4.5;16.92307692;8
136;0;0;1;0;0;1;1;1;0;2;25;2;0;0;22.22222222;7;24.44444444;2.5;20;8
137;1;0;0;0;1;0;1;0;2;0;5;0;15.29411765;5;0;0;9.411764706;2.5;0;0
138;1;0;0;0;1;0;1;1;2;0;5;2;25.33333333;5;0;0;9.333333333;4.5;12;8
139;0;0;0;1;1;1;0;1;2;2;0;2;20;7;31.42857143;5;0;0;25.71428571;8
140;0;0;0;1;0;1;1;1;0;2;15;2;0;0;6.666666667;7;14.28571429;6.5;7.619047619;8
141;0;0;1;0;0;0;1;1;0;0;5;2;0;0;0;0;9.333333333;2.5;13.33333333;6
142;0;0;1;0;1;0;1;0;2;0;15;0;7.222222222;9;0;0;3.888888889;6.5;0;0
143;0;1;0;0;1;1;0;1;2;2;0;2;8;5;17.33333333;9;0;0;22.66666667;6
144;0;0;0;1;1;0;1;1;2;0;25;2;10.47619048;7;0;0;6.666666667;6.5;8.571428571;4
145;0;1;0;0;1;1;1;0;2;2;20;0;68;7;28;9;44;2.5;0;0
146;0;1;0;0;1;1;0;1;2;2;0;2;11.57894737;5;3.157894737;9;0;0;11.57894737;6
147;0;0;1;0;1;1;1;0;2;2;20;0;23.63636364;7;23.63636364;5;27.27272727;4.5;0;0
148;1;0;0;0;1;0;1;1;2;0;20;2;16.25;5;0;0;3.75;4.5;16.25;8
149;0;0;0;1;1;0;1;1;2;0;20;2;24.44444444;9;0;0;24.44444444;2.5;20;6
150;0;0;1;0;1;1;1;0;2;2;10;0;8.235294118;9;12.94117647;5;8.235294118;4.5;0;0
151;0;0;0;1;1;0;1;1;2;0;10;2;4.347826087;7;0;0;11.30434783;6.5;6.956521739;6
152;0;0;1;0;0;1;1;0;0;2;25;0;0;0;22.66666667;7;8;6.5;0;0
153;0;0;1;0;0;1;1;0;0;2;10;0;0;0;12.38095238;7;6.666666667;6.5;0;0
154;0;0;0;1;1;0;1;1;2;0;20;2;20;7;0;0;15.38461538;2.5;23.07692308;8
155;0;0;1;0;1;1;1;0;2;2;10;0;14.28571429;7;37.14285714;5;22.85714286;4.5;0;0
156;0;0;1;0;0;1;1;0;0;2;10;0;0;0;10;7;10;6.5;0;0
157;0;0;0;1;1;0;1;1;2;0;15;2;5.263157895;5;0;0;11.57894737;6.5;9.473684211;6
158;0;1;0;0;1;1;1;0;2;2;20;0;12.94117647;9;10.58823529;7;8.235294118;2.5;0;0
159;0;0;1;0;1;0;1;1;2;0;5;2;28.88888889;9;0;0;24.44444444;4.5;37.77777778;4
160;1;0;0;0;1;1;1;0;2;2;10;0;8.965517241;5;7.586206897;7;10.34482759;6.5;0;0
161;1;0;0;0;1;0;1;1;2;0;10;2;5.6;5;0;0;8.8;6.5;10.4;6
162;1;0;0;0;1;1;0;1;2;2;0;2;10;7;8.571428571;5;0;0;15.71428571;8
163;1;0;0;0;1;1;1;0;2;2;5;0;15.55555556;7;15.55555556;5;37.77777778;6.5;0;0
164;1;0;0;0;1;0;1;1;2;0;15;2;4.761904762;7;0;0;14.28571429;6.5;8.571428571;8
165;0;0;1;0;0;0;1;1;0;0;5;2;0;0;0;0;110;4.5;110;8
166;0;0;1;0;1;0;1;1;2;0;5;2;12.38095238;7;0;0;6.666666667;2.5;8.571428571;4
167;0;0;0;1;1;0;1;1;2;0;5;2;5.454545455;9;0;0;12.72727273;4.5;20;4
168;0;1;0;0;1;1;0;1;2;2;0;2;23.07692308;5;10.76923077;9;0;0;12.30769231;6
169;0;0;1;0;1;0;1;0;2;0;20;0;44;7;0;0;44;2.5;0;0
170;0;1;0;0;0;1;0;1;0;2;0;2;0;0;6.666666667;9;0;0;20;6
171;0;0;1;0;0;1;1;1;0;2;20;2;0;0;15.55555556;9;15.55555556;4.5;24.44444444;4
172;0;0;1;0;1;0;1;0;2;0;20;0;15.29411765;9;0;0;12.94117647;2.5;0;0
173;0;0;1;0;0;1;1;0;0;2;25;0;0;0;14.28571429;9;10.47619048;2.5;0;0
174;0;0;1;0;1;1;1;0;2;2;10;0;7.368421053;9;20;7;11.57894737;2.5;0;0
175;0;0;1;0;0;1;1;0;0;2;20;0;0;0;15.29411765;7;7.058823529;2.5;0;0
176;0;0;1;0;0;1;1;1;0;2;15;2;0;0;13.33333333;9;6.666666667;2.5;22.66666667;6
177;0;0;1;0;1;0;1;1;2;0;20;2;7.222222222;5;0;0;9.444444444;6.5;5;6
178;0;1;0;0;0;1;1;1;0;2;25;2;0;0;25.71428571;7;20;2.5;31.42857143;8
179;1;0;0;0;1;0;0;1;2;0;0;2;3.888888889;9;0;0;0;0;4.444444444;6
180;0;0;0;1;0;1;1;1;0;2;5;2;0;0;15.78947368;5;7.368421053;2.5;9.473684211;8
181;0;1;0;0;0;1;1;0;0;2;10;0;0;0;16.19047619;7;10.47619048;2.5;0;0
182;0;0;0;1;1;0;1;1;2;0;25;2;6.086956522;9;0;0;9.565217391;4.5;9.565217391;4
183;0;0;0;1;0;1;1;1;0;2;5;2;0;0;18.57142857;5;10;6.5;21.42857143;4
184;0;0;0;1;1;1;0;1;2;2;0;2;9.333333333;9;17.33333333;5;0;0;10.66666667;6
185;1;0;0;0;1;0;1;1;2;0;15;2;20;5;0;0;12.72727273;6.5;16.36363636;6
186;0;0;1;0;0;1;1;1;0;2;20;2;0;0;12.94117647;5;7.058823529;4.5;10.58823529;8
187;0;0;0;1;0;1;1;1;0;2;10;2;0;0;9.333333333;5;14.66666667;4.5;20;8
188;1;0;0;0;1;0;1;1;2;0;25;2;6.666666667;7;0;0;10.47619048;6.5;14.28571429;4
189;0;1;0;0;0;1;1;0;0;2;15;0;0;0;4.285714286;5;15.71428571;4.5;0;0
190;0;0;1;0;0;1;1;1;0;2;25;2;0;0;10.76923077;7;10.76923077;6.5;23.07692308;4
191;1;0;0;0;1;0;1;0;2;0;15;0;20;5;0;0;6.315789474;6.5;0;0
192;0;0;1;0;1;0;1;1;2;0;10;2;20;7;0;0;27.27272727;4.5;27.27272727;8
193;0;0;1;0;0;1;1;0;0;2;5;0;0;0;31.42857143;9;17.14285714;2.5;0;0
194;0;0;1;0;0;1;1;1;0;2;20;2;0;0;7.692307692;9;23.07692308;4.5;13.84615385;4
195;0;0;0;1;1;1;0;1;2;2;0;2;9.333333333;9;25.33333333;5;0;0;12;6
196;0;0;0;1;1;1;0;1;2;2;0;2;31.42857143;7;20;5;0;0;28.57142857;8
197;0;0;1;0;0;1;1;1;0;2;20;2;0;0;20;7;9.090909091;4.5;16.36363636;8
198;1;0;0;0;1;1;1;0;2;2;5;0;16.92307692;5;9.230769231;7;26.15384615;6.5;0;0
199;0;0;1;0;0;0;1;1;0;0;15;2;0;0;0;0;13.33333333;6.5;24.44444444;4
200;0;0;1;0;0;1;1;0;0;2;5;0;0;0;5.185185185;7;8.148148148;2.5;0;0
201;0;0;0;1;1;1;0;1;2;2;0;2;3.888888889;9;10.55555556;5;0;0;5;4
202;1;0;0;0;1;0;1;0;2;0;15;0;15.29411765;9;0;0;12.94117647;2.5;0;0
203;0;1;0;0;0;1;1;1;0;2;25;2;0;0;10.58823529;7;22.35294118;6.5;10.58823529;4
204;0;1;0;0;1;1;1;0;2;2;25;0;15.55555556;7;20;9;17.77777778;2.5;0;0
205;0;1;0;0;0;1;1;1;0;2;15;2;0;0;12.72727273;7;20;6.5;30.90909091;8
206;0;0;0;1;0;0;1;1;0;0;10;2;0;0;0;0;7.368421053;6.5;9.473684211;4
207;0;0;0;1;0;1;0;1;0;2;0;2;0;0;42.22222222;5;0;0;24.44444444;6
208;0;1;0;0;0;1;1;1;0;2;20;2;0;0;24.44444444;9;33.33333333;4.5;24.44444444;4
209;0;1;0;0;0;1;1;0;0;2;5;0;0;0;10;9;15.71428571;4.5;0;0
210;0;0;1;0;0;1;1;1;0;2;25;2;0;0;3.888888889;5;5;4.5;6.111111111;8
211;0;1;0;0;1;1;1;0;2;2;10;0;3.529411765;9;10.58823529;5;17.64705882;4.5;0;0
212;0;0;0;1;1;0;1;1;2;0;15;2;6.086956522;7;0;0;9.565217391;6.5;7.826086957;4
213;1;0;0;0;1;0;1;1;2;0;15;2;1.666666667;9;0;0;8.333333333;4.5;5;4
214;0;0;1;0;1;1;1;0;2;2;10;0;17.33333333;5;22.66666667;7;17.33333333;6.5;0;0
215;0;1;0;0;0;1;1;1;0;2;15;2;0;0;25.71428571;7;20;6.5;25.71428571;4
216;0;0;1;0;0;1;1;0;0;2;5;0;0;0;2.4;5;5.6;6.5;0;0
217;0;0;0;1;1;0;1;1;2;0;5;2;13.04347826;5;0;0;16.52173913;6.5;9.565217391;6
218;1;0;0;0;1;0;1;1;2;0;5;2;16.36363636;9;0;0;16.36363636;2.5;16.36363636;6
219;1;0;0;0;1;0;1;1;2;0;25;2;20;5;0;0;20;4.5;20;8
220;1;0;0;0;1;1;1;0;2;2;25;0;11.11111111;7;13.33333333;9;24.44444444;2.5;0;0
221;0;0;1;0;0;1;1;1;0;2;20;2;0;0;28.88888889;5;6.666666667;4.5;20;8
222;0;0;0;1;0;1;1;1;0;2;5;2;0;0;11.30434783;9;6.086956522;4.5;6.956521739;8
223;0;0;1;0;0;1;1;1;0;2;5;2;0;0;6.111111111;7;8.333333333;6.5;5;4
224;0;0;1;0;1;0;1;1;2;0;15;2;7.586206897;7;0;0;7.586206897;2.5;7.586206897;8
225;0;0;1;0;1;1;1;0;2;2;20;0;4.347826087;5;4.347826087;7;6.086956522;6.5;0;0
226;0;0;1;0;1;0;1;0;2;0;15;0;9.565217391;5;0;0;5.217391304;6.5;0;0
227;0;0;1;0;1;0;1;1;2;0;5;2;3.157894737;9;0;0;15.78947368;4.5;9.473684211;4
228;0;1;0;0;0;1;1;0;0;2;10;0;0;0;44;7;28;2.5;0;0
229;0;0;0;1;0;0;1;1;0;0;20;2;0;0;0;0;7.368421053;6.5;11.57894737;6
230;1;0;0;0;1;0;1;1;2;0;5;2;10;7;0;0;15.71428571;2.5;21.42857143;8
231;0;0;1;0;0;0;1;1;0;0;15;2;0;0;0;0;12.94117647;6.5;12.94117647;6
232;1;0;0;0;1;1;0;1;2;2;0;2;20;5;9.333333333;7;0;0;20;8
233;0;0;1;0;1;1;1;0;2;2;25;0;12.72727273;7;12.72727273;9;18.18181818;2.5;0;0
234;0;0;0;1;0;1;1;1;0;2;15;2;0;0;9.473684211;5;15.78947368;4.5;9.473684211;8
235;0;0;1;0;0;1;1;1;0;2;20;2;0;0;10.90909091;5;12.72727273;6.5;20;8
236;0;0;1;0;1;0;1;1;2;0;15;2;76;5;0;0;28;6.5;44;6
237;0;0;1;0;0;0;1;1;0;0;10;2;0;0;0;0;20;6.5;10.58823529;6
238;0;0;1;0;0;0;1;1;0;0;25;2;0;0;0;0;12;2.5;36;8
239;0;0;1;0;1;1;1;0;2;2;15;0;14.07407407;5;5.185185185;7;5.185185185;6.5;0;0
240;0;0;1;0;1;1;1;0;2;2;10;0;15.71428571;7;15.71428571;5;14.28571429;6.5;0;0
241;0;1;0;0;0;1;0;1;0;2;0;2;0;0;16.19047619;5;0;0;8.571428571;8
242;0;0;0;1;0;0;1;1;0;0;10;2;0;0;0;0;20;2.5;52;6
243;0;1;0;0;1;1;0;1;2;2;0;2;36;7;52;9;0;0;36;4
244;0;1;0;0;0;1;1;1;0;2;20;2;0;0;10.34482759;5;6.206896552;4.5;6.206896552;8
245;1;0;0;0;1;0;1;0;2;0;25;0;10.66666667;5;0;0;14.66666667;6.5;0;0
246;0;0;1;0;1;0;1;1;2;0;20;2;18.57142857;9;0;0;10;2.5;11.42857143;6
247;1;0;0;0;1;0;1;1;2;0;25;2;9.333333333;9;0;0;14.66666667;4.5;14.66666667;4
248;0;0;1;0;0;1;1;0;0;2;20;0;0;0;42.22222222;5;17.77777778;6.5;0;0
249;1;0;0;0;1;1;1;0;2;2;20;0;12.72727273;7;20;5;12.72727273;6.5;0;0
250;0;1;0;0;1;1;1;0;2;2;20;0;15.2;5;6.4;7;5.6;6.5;0;0
251;0;0;0;1;1;1;0;1;2;2;0;2;17.33333333;5;6.666666667;9;0;0;14.66666667;6
252;1;0;0;0;1;1;1;0;2;2;5;0;10.66666667;5;14.66666667;9;14.66666667;4.5;0;0
253;0;0;1;0;1;0;1;0;2;0;10;0;28;9;0;0;76;4.5;0;0
254;0;1;0;0;1;1;0;1;2;2;0;2;3.157894737;9;13.68421053;5;0;0;13.68421053;6
255;0;1;0;0;0;1;1;0;0;2;15;0;0;0;13.75;5;7.5;6.5;0;0
256;0;0;0;1;1;0;1;1;2;0;5;2;10;7;0;0;15.71428571;2.5;12.85714286;8
257;1;0;0;0;1;1;1;0;2;2;10;0;11.76470588;5;10.58823529;7;7.058823529;6.5;0;0
258;0;0;1;0;1;1;1;0;2;2;15;0;6.111111111;7;3.888888889;5;9.444444444;6.5;0;0
259;1;0;0;0;1;0;1;0;2;0;5;0;9.333333333;7;0;0;17.33333333;6.5;0;0
260;0;0;1;0;1;0;1;0;2;0;5;0;5.217391304;9;0;0;6.956521739;4.5;0;0
261;0;0;1;0;0;1;1;1;0;2;10;2;0;0;18.57142857;9;7.142857143;2.5;12.85714286;6
262;1;0;0;0;1;0;1;0;2;0;10;0;7.368421053;9;0;0;20;4.5;0;0
263;0;1;0;0;0;1;1;1;0;2;5;2;0;0;6.666666667;7;12;2.5;12;8
264;0;0;0;1;1;0;1;1;2;0;5;2;20;5;0;0;34.54545455;4.5;16.36363636;8
265;0;0;1;0;0;1;1;1;0;2;20;2;0;0;18.57142857;5;24.28571429;6.5;12.85714286;6
266;0;0;0;1;1;1;0;1;2;2;0;2;15.29411765;7;8.235294118;5;0;0;10.58823529;8
267;0;0;1;0;0;1;1;1;0;2;15;2;0;0;31.42857143;7;31.42857143;2.5;31.42857143;8
268;1;0;0;0;1;0;1;1;2;0;10;2;15.29411765;5;0;0;15.29411765;6.5;10.58823529;6
269;0;0;1;0;1;0;1;1;2;0;25;2;20;7;0;0;20;6.5;20;4
270;0;0;1;0;1;0;1;1;2;0;15;2;70;7;0;0;70;6.5;130;4
271;0;0;1;0;1;0;1;1;2;0;25;2;9.565217391;5;0;0;9.565217391;4.5;7.826086957;8
272;0;1;0;0;1;1;0;1;2;2;0;2;17.33333333;7;9.333333333;5;0;0;14.66666667;8
273;0;0;1;0;0;1;1;0;0;2;15;0;0;0;28.88888889;5;15.55555556;2.5;0;0
274;0;0;0;1;0;0;1;1;0;0;25;2;0;0;0;0;23.07692308;6.5;20;4
275;1;0;0;0;1;0;1;1;2;0;20;2;12.72727273;9;0;0;14.54545455;2.5;20;6
276;1;0;0;0;1;1;1;0;2;2;25;0;9.090909091;7;34.54545455;5;23.63636364;6.5;0;0
277;0;0;0;1;1;0;1;1;2;0;20;2;7.586206897;5;0;0;7.586206897;4.5;7.586206897;8
278;0;0;1;0;0;1;1;0;0;2;20;0;0;0;14.54545455;7;20;6.5;0;0
279;0;1;0;0;1;1;1;0;2;2;10;0;5.263157895;7;13.68421053;5;7.368421053;6.5;0;0
280;0;0;1;0;0;0;1;1;0;0;10;2;0;0;0;0;11.30434783;6.5;9.565217391;6
281;0;0;1;0;0;1;1;1;0;2;5;2;0;0;31.42857143;7;48.57142857;6.5;25.71428571;4
282;1;0;0;0;1;1;0;1;2;2;0;2;17.14285714;5;37.14285714;9;0;0;48.57142857;6
283;0;0;1;0;0;0;1;1;0;0;15;2;0;0;0;0;4.761904762;4.5;8.571428571;4
284;0;0;1;0;0;1;1;1;0;2;25;2;0;0;2.222222222;9;9.62962963;4.5;6.666666667;4
285;0;1;0;0;0;1;1;1;0;2;25;2;0;0;10.76923077;9;12.30769231;4.5;16.92307692;4
286;1;0;0;0;1;0;1;1;2;0;20;2;17.77777778;9;0;0;20;2.5;24.44444444;6
287;0;1;0;0;0;1;1;0;0;2;20;0;0;0;6.111111111;7;3.888888889;6.5;0;0
288;1;0;0;0;1;0;1;1;2;0;15;2;5.263157895;7;0;0;20;6.5;9.473684211;4
289;0;0;1;0;0;0;1;1;0;0;5;2;0;0;0;0;12.72727273;2.5;20;6
290;1;0;0;0;1;1;1;0;2;2;20;0;12;9;6.666666667;7;17.33333333;6.5;0;0
291;0;0;0;1;1;0;1;1;2;0;10;2;9.62962963;7;0;0;6.666666667;2.5;7.407407407;8
292;1;0;0;0;1;0;1;1;2;0;10;2;26.15384615;9;0;0;13.84615385;2.5;16.92307692;6
293;0;0;1;0;1;0;1;1;2;0;20;2;9.090909091;9;0;0;16.36363636;2.5;20;6
294;0;0;1;0;1;1;1;0;2;2;25;0;7.222222222;9;3.888888889;5;3.888888889;4.5;0;0
295;0;0;1;0;1;1;1;0;2;2;5;0;5;9;9.444444444;5;6.111111111;4.5;0;0
296;0;0;1;0;0;0;1;1;0;0;20;2;0;0;0;0;9.565217391;4.5;14.7826087;8
297;0;0;0;1;1;0;1;1;2;0;20;2;8.965517241;7;0;0;4.827586207;2.5;7.586206897;8
298;0;0;0;1;0;1;1;1;0;2;5;2;0;0;20;5;15.55555556;6.5;20;6
299;1;0;0;0;1;1;1;0;2;2;10;0;5.454545455;5;14.54545455;9;20;4.5;0;0
300;0;0;0;1;1;0;1;1;2;0;15;2;2.4;9;0;0;12;4.5;7.2;4
301;0;0;0;1;0;0;1;1;0;0;25;2;0;0;0;0;20;2.5;18.18181818;6
302;0;0;1;0;0;1;1;1;0;2;10;2;0;0;52;9;20;2.5;60;6
303;0;0;0;1;0;0;1;1;0;0;10;2;0;0;0;0;11.11111111;4.5;20;6
304;0;1;0;0;1;1;1;0;2;2;20;0;32;7;52;5;76;6.5;0;0
305;0;1;0;0;0;1;1;1;0;2;20;2;0;0;20;7;54.28571429;6.5;25.71428571;4
306;1;0;0;0;1;0;1;1;2;0;20;2;16.92307692;7;0;0;13.84615385;6.5;16.92307692;4
307;0;1;0;0;1;1;0;1;2;2;0;2;15.55555556;5;20;9;0;0;22.22222222;6
308;0;1;0;0;1;1;1;0;2;2;15;0;16.52173913;5;6.086956522;7;6.956521739;6.5;0;0
309;1;0;0;0;1;1;0;1;2;2;0;2;11.57894737;9;13.68421053;7;0;0;15.78947368;4
310;0;0;1;0;0;1;1;0;0;2;5;0;0;0;9.473684211;7;7.368421053;6.5;0;0
311;0;0;1;0;1;0;1;0;2;0;10;0;11.30434783;9;0;0;6.086956522;4.5;0;0
312;0;1;0;0;0;1;1;1;0;2;10;2;0;0;3.157894737;7;13.68421053;6.5;9.473684211;8
313;1;0;0;0;1;1;1;0;2;2;15;0;31.42857143;7;17.14285714;9;31.42857143;2.5;0;0
314;0;0;0;1;0;1;1;1;0;2;10;2;0;0;28.88888889;7;13.33333333;6.5;20;4
315;1;0;0;0;1;0;1;1;2;0;20;2;6.666666667;7;0;0;12.38095238;6.5;8.571428571;4
316;0;0;1;0;0;0;1;1;0;0;15;2;0;0;0;0;12;6.5;7.2;6
317;0;0;1;0;1;1;1;0;2;2;10;0;5.714285714;5;2.857142857;7;10.47619048;6.5;0;0
318;0;1;0;0;0;1;1;1;0;2;5;2;0;0;15.38461538;9;7.692307692;2.5;23.07692308;6
319;0;0;0;1;1;1;0;1;2;2;0;2;4.347826087;9;14.7826087;5;0;0;11.30434783;6
320;0;0;1;0;1;0;1;0;2;0;5;0;8.333333333;7;0;0;8.333333333;6.5;0;0
321;0;0;1;0;1;0;1;1;2;0;10;2;20;9;0;0;15.55555556;4.5;28.88888889;4
322;1;0;0;0;1;0;1;1;2;0;5;2;7.692307692;7;0;0;10.76923077;2.5;13.84615385;8
323;0;1;0;0;1;1;1;0;2;2;5;0;15.78947368;5;9.473684211;9;9.473684211;4.5;0;0
324;0;0;1;0;0;1;1;1;0;2;5;2;0;0;20;9;12.72727273;2.5;30.90909091;4
325;0;0;1;0;1;1;1;0;2;2;25;0;20;9;10.76923077;7;10.76923077;2.5;0;0
326;0;0;0;1;1;0;1;1;2;0;15;2;15.71428571;5;0;0;15.71428571;2.5;12.85714286;6
327;1;0;0;0;1;0;1;1;2;0;10;2;13.84615385;7;0;0;16.92307692;2.5;20;8
328;0;0;0;1;0;1;0;1;0;2;0;2;0;0;37.14285714;5;0;0;25.71428571;6
329;0;0;0;1;0;0;1;1;0;0;10;2;0;0;0;0;16.92307692;2.5;12.30769231;6
330;0;0;1;0;1;0;1;1;2;0;20;2;10.76923077;7;0;0;20;6.5;23.07692308;4
331;0;0;0;1;0;1;1;1;0;2;15;2;0;0;8.333333333;9;3.888888889;4.5;6.111111111;4
332;0;1;0;0;0;1;1;1;0;2;15;2;0;0;30;7;110;2.5;110;8
333;0;0;0;1;0;1;0;1;0;2;0;2;0;0;15.29411765;9;0;0;10.58823529;6
334;0;0;1;0;1;0;1;1;2;0;5;2;16.92307692;5;0;0;13.84615385;6.5;13.84615385;6
335;0;0;1;0;0;0;1;1;0;0;20;2;0;0;0;0;12.72727273;4.5;16.36363636;8
336;0;1;0;0;1;1;1;0;2;2;25;0;3.703703704;9;9.62962963;5;9.62962963;4.5;0;0
337;1;0;0;0;1;1;1;0;2;2;10;0;10.55555556;9;3.888888889;7;6.111111111;2.5;0;0
338;0;0;1;0;1;1;1;0;2;2;25;0;14.28571429;5;6.666666667;9;7.619047619;4.5;0;0
339;0;1;0;0;1;1;1;0;2;2;20;0;22.66666667;9;9.333333333;7;9.333333333;2.5;0;0
340;0;0;1;0;1;0;1;1;2;0;25;2;42.22222222;5;0;0;20;6.5;24.44444444;6
341;0;1;0;0;0;1;1;0;0;2;15;0;0;0;36;5;28;4.5;0;0
342;0;1;0;0;0;1;1;1;0;2;10;2;0;0;4;7;5.6;2.5;8;8
343;0;0;1;0;1;0;1;0;2;0;5;0;21.42857143;7;0;0;10;6.5;0;0
344;0;0;0;1;1;0;1;1;2;0;15;2;12.85714286;9;0;0;12.85714286;2.5;12.85714286;6
345;1;0;0;0;1;0;1;1;2;0;20;2;5.263157895;9;0;0;6.315789474;2.5;11.57894737;6
346;0;0;0;1;0;1;1;1;0;2;5;2;0;0;10.76923077;7;9.230769231;6.5;26.15384615;8
347;0;0;0;1;0;1;1;1;0;2;25;2;0;0;9.473684211;5;5.263157895;2.5;11.57894737;6
348;0;0;0;1;1;1;0;1;2;2;0;2;16.25;9;10;7;0;0;13.75;4
349;0;0;0;1;1;0;1;1;2;0;20;2;6.086956522;7;0;0;6.086956522;6.5;16.52173913;4
350;0;0;1;0;1;0;1;1;2;0;5;2;6.086956522;5;0;0;6.086956522;6.5;9.565217391;6
351;0;0;0;1;0;1;1;1;0;2;15;2;0;0;1.666666667;9;6.111111111;4.5;7.222222222;4
352;1;0;0;0;1;0;1;0;2;0;10;0;7.692307692;7;0;0;10.76923077;2.5;0;0
353;0;1;0;0;1;1;1;0;2;2;25;0;10.90909091;7;23.63636364;5;16.36363636;6.5;0;0
354;0;0;1;0;1;0;1;1;2;0;15;2;17.64705882;5;0;0;15.29411765;6.5;10.58823529;6
355;0;0;1;0;0;0;1;1;0;0;5;2;0;0;0;0;16.36363636;6.5;20;8
356;0;1;0;0;1;1;1;0;2;2;5;0;6.956521739;5;11.30434783;9;5.217391304;2.5;0;0
357;0;0;1;0;0;1;1;1;0;2;15;2;0;0;20;9;5.454545455;2.5;20;6
358;0;0;1;0;1;1;1;0;2;2;15;0;3.888888889;9;8.333333333;5;4.444444444;4.5;0;0
359;0;1;0;0;1;1;0;1;2;2;0;2;5.882352941;9;12.94117647;7;0;0;10.58823529;4
360;0;0;1;0;1;1;1;0;2;2;25;0;23.63636364;5;20;9;16.36363636;4.5;0;0
361;1;0;0;0;1;1;1;0;2;2;20;0;20;9;68;5;60;4.5;0;0
362;1;0;0;0;1;1;0;1;2;2;0;2;2.608695652;9;13.04347826;7;0;0;6.956521739;4
363;0;0;1;0;0;1;1;1;0;2;5;2;0;0;23.07692308;7;7.692307692;2.5;13.84615385;8
364;0;0;1;0;1;1;1;0;2;2;5;0;30.90909091;7;27.27272727;9;9.090909091;2.5;0;0
365;0;0;0;1;0;1;1;1;0;2;10;2;0;0;5.263157895;5;10.52631579;6.5;9.473684211;6
366;0;0;0;1;0;1;1;1;0;2;10;2;0;0;12.94117647;7;10.58823529;2.5;9.411764706;6
367;0;0;0;1;1;0;1;1;2;0;20;2;2.857142857;9;0;0;8.571428571;2.5;7.619047619;6
368;0;0;1;0;0;1;1;1;0;2;20;2;0;0;2.777777778;7;6.111111111;6.5;5;4
369;0;0;0;1;1;0;1;1;2;0;5;2;37.14285714;5;0;0;14.28571429;4.5;25.71428571;8
370;0;0;0;1;1;1;0;1;2;2;0;2;16.52173913;5;6.086956522;9;0;0;7.826086957;6
371;1;0;0;0;1;0;1;1;2;0;25;2;10.90909091;7;0;0;20;6.5;16.36363636;6
372;0;1;0;0;0;1;1;1;0;2;10;2;0;0;4.615384615;9;16.92307692;2.5;13.84615385;6
373;0;0;1;0;1;1;1;0;2;2;20;0;17.33333333;9;9.333333333;7;9.333333333;2.5;0;0
374;0;0;1;0;0;1;1;1;0;2;25;2;0;0;24;9;44;4.5;44;4
375;0;0;0;1;0;0;1;1;0;0;5;2;0;0;0;0;20;2.5;42.85714286;6
376;0;1;0;0;1;1;1;0;2;2;25;0;31.42857143;5;14.28571429;9;14.28571429;4.5;0;0
377;1;0;0;0;1;1;1;0;2;2;5;0;7.142857143;7;21.42857143;9;12.85714286;2.5;0;0
378;0;0;0;1;1;1;0;1;2;2;0;2;24.44444444;9;37.77777778;5;0;0;24.44444444;6
379;1;0;0;0;1;0;1;1;2;0;10;2;15.71428571;5;0;0;15.71428571;4.5;21.42857143;8
380;0;0;1;0;1;0;1;1;2;0;20;2;6.315789474;7;0;0;7.368421053;6.5;13.68421053;4
381;0;0;1;0;1;0;1;0;2;0;20;0;17.33333333;5;0;0;9.333333333;6.5;0;0
382;0;0;1;0;1;1;1;0;2;2;10;0;14.28571429;5;12.85714286;7;8.571428571;6.5;0;0
383;0;0;0;1;0;1;1;1;0;2;10;2;0;0;5;9;2.777777778;4.5;8.333333333;4
384;1;0;0;0;1;1;0;1;2;2;0;2;4.827586207;9;7.586206897;5;0;0;6.206896552;6
385;0;0;1;0;0;0;1;1;0;0;10;2;0;0;0;0;5;6.5;7.222222222;4
386;0;0;1;0;1;0;1;1;2;0;15;2;3.888888889;9;0;0;3.888888889;4.5;8.333333333;4
387;0;0;1;0;1;0;1;1;2;0;15;2;31.42857143;5;0;0;17.14285714;4.5;25.71428571;8
388;0;1;0;0;1;1;1;0;2;2;10;0;18.57142857;5;10;9;7.142857143;4.5;0;0
389;0;0;0;1;0;1;1;1;0;2;25;2;0;0;37.14285714;7;48.57142857;6.5;31.42857143;8
390;0;0;0;1;1;0;0;1;2;0;0;2;11.76470588;5;0;0;0;0;10.58823529;8
391;1;0;0;0;1;0;1;1;2;0;20;2;3.888888889;9;0;0;10.55555556;4.5;4.444444444;4
392;0;0;0;1;0;1;1;1;0;2;20;2;0;0;37.14285714;5;28.57142857;4.5;42.85714286;8
393;0;1;0;0;0;1;1;1;0;2;10;2;0;0;12.72727273;9;20;2.5;16.36363636;6
394;0;0;0;1;1;0;1;1;2;0;15;2;27.27272727;5;0;0;23.63636364;4.5;20;8
395;0;0;1;0;1;0;1;1;2;0;25;2;44;7;0;0;36;6.5;36;4
396;0;0;1;0;0;1;1;0;0;2;10;0;0;0;10.76923077;5;13.84615385;6.5;0;0
397;0;0;1;0;0;1;1;1;0;2;5;2;0;0;15.71428571;5;12.85714286;6.5;15.71428571;6
398;0;0;1;0;1;0;1;0;2;0;20;0;15.78947368;5;0;0;20;6.5;0;0
399;1;0;0;0;1;0;1;1;2;0;25;2;22.22222222;7;0;0;24.44444444;4.5;20;4
400;1;0;0;0;1;0;1;1;2;0;20;2;16.36363636;5;0;0;23.63636364;6.5;14.54545455;6
401;1;0;0;0;1;1;1;0;2;2;25;0;8.421052632;9;15.78947368;5;7.368421053;4.5;0;0
402;0;0;1;0;1;0;1;1;2;0;15;2;13.68421053;5;0;0;11.57894737;6.5;8.421052632;6
403;0;0;1;0;1;0;1;0;2;0;25;0;6.111111111;7;0;0;6.111111111;6.5;0;0
404;0;0;0;1;1;0;1;1;2;0;15;2;17.33333333;5;0;0;6.666666667;4.5;14.66666667;8
405;0;1;0;0;1;1;1;0;2;2;10;0;5.454545455;9;18.18181818;7;20;2.5;0;0
406;0;0;1;0;1;0;1;0;2;0;25;0;34.54545455;5;0;0;10.90909091;6.5;0;0
407;0;0;1;0;0;1;1;0;0;2;10;0;0;0;10.47619048;7;6.666666667;6.5;0;0
408;1;0;0;0;1;1;1;0;2;2;20;0;15.29411765;9;8.235294118;7;8.235294118;2.5;0;0
409;1;0;0;0;1;1;0;1;2;2;0;2;12.85714286;5;4.285714286;7;0;0;12.85714286;8
410;0;0;1;0;0;1;1;0;0;2;15;0;0;0;5.263157895;7;11.57894737;6.5;0;0
411;1;0;0;0;1;1;1;0;2;2;10;0;17.33333333;9;6.666666667;7;14.66666667;2.5;0;0
412;0;0;1;0;0;1;1;1;0;2;20;2;0;0;7.368421053;9;7.368421053;4.5;9.473684211;6
413;1;0;0;0;1;1;1;0;2;2;10;0;10.47619048;7;9.523809524;5;16.19047619;6.5;0;0
414;1;0;0;0;1;0;1;1;2;0;5;2;5.882352941;5;0;0;20;6.5;15.29411765;6
415;0;0;0;1;1;0;1;1;2;0;25;2;27.27272727;5;0;0;27.27272727;6.5;16.36363636;6
416;0;1;0;0;0;1;1;0;0;2;25;0;0;0;13.04347826;9;8.695652174;2.5;0;0
417;0;0;0;1;1;0;1;1;2;0;25;2;12.30769231;7;0;0;16.92307692;2.5;23.07692308;8
418;0;1;0;0;1;1;1;0;2;2;20;0;7.222222222;5;3.333333333;7;7.222222222;6.5;0;0
419;0;1;0;0;0;1;1;0;0;2;5;0;0;0;5.882352941;9;10.58823529;4.5;0;0
420;0;0;1;0;0;1;1;0;0;2;10;0;0;0;20;7;9.333333333;6.5;0;0
421;1;0;0;0;1;1;1;0;2;2;25;0;20;5;9.090909091;9;9.090909091;4.5;0;0
422;0;0;1;0;1;1;1;0;2;2;10;0;23.07692308;5;12.30769231;9;10.76923077;4.5;0;0
423;0;0;0;1;1;0;1;1;2;0;20;2;8.333333333;5;0;0;3.888888889;6.5;5;6
424;0;0;1;0;0;1;1;1;0;2;10;2;0;0;22.22222222;5;20;4.5;22.22222222;8
425;0;0;1;0;1;1;1;0;2;2;15;0;29.23076923;7;9.230769231;5;16.92307692;6.5;0;0
426;0;0;1;0;1;0;1;0;2;0;20;0;20;7;0;0;24;2.5;0;0
427;0;0;0;1;1;0;1;1;2;0;5;2;16.92307692;5;0;0;16.92307692;4.5;26.15384615;8
428;1;0;0;0;1;1;0;1;2;2;0;2;4.285714286;9;18.57142857;7;0;0;24.28571429;4
429;0;0;1;0;0;1;1;1;0;2;5;2;0;0;18.57142857;7;24.28571429;6.5;15.71428571;4
430;0;1;0;0;0;1;1;0;0;2;5;0;0;0;13.04347826;7;9.565217391;2.5;0;0
431;0;0;0;1;0;1;1;1;0;2;20;2;0;0;7.368421053;7;13.68421053;6.5;8.421052632;4
432;0;0;1;0;1;0;1;1;2;0;15;2;2.4;9;0;0;4.8;2.5;7.2;6
433;0;1;0;0;1;1;1;0;2;2;15;0;7.222222222;7;7.222222222;5;8.333333333;6.5;0;0
434;0;1;0;0;0;1;1;1;0;2;15;2;0;0;14.28571429;7;31.42857143;2.5;31.42857143;8
435;1;0;0;0;1;0;1;0;2;0;5;0;6.315789474;5;0;0;11.57894737;6.5;0;0
436;0;0;0;1;0;0;1;1;0;0;10;2;0;0;0;0;17.77777778;2.5;20;8
437;1;0;0;0;1;1;1;0;2;2;20;0;20;5;20;7;20;6.5;0;0
438;0;0;0;1;1;0;1;1;2;0;10;2;9.090909091;7;0;0;30.90909091;6.5;16.36363636;4
439;0;1;0;0;0;1;1;1;0;2;10;2;0;0;4.615384615;7;20;6.5;13.84615385;8
440;0;1;0;0;0;1;1;0;0;2;5;0;0;0;24.44444444;5;20;6.5;0;0
441;0;1;0;0;0;1;1;0;0;2;10;0;0;0;7.368421053;9;7.368421053;2.5;0;0
442;0;0;0;1;1;0;1;1;2;0;5;2;6.111111111;5;0;0;3.888888889;4.5;8.333333333;8
443;0;1;0;0;0;1;1;1;0;2;5;2;0;0;28;7;28;2.5;60;8
444;0;1;0;0;1;1;1;0;2;2;15;0;14.28571429;5;14.28571429;9;48.57142857;4.5;0;0
445;0;0;1;0;0;1;1;1;0;2;15;2;0;0;24.44444444;9;17.77777778;2.5;28.88888889;6
446;1;0;0;0;1;0;1;1;2;0;10;2;10.76923077;5;0;0;26.15384615;4.5;16.92307692;8
447;0;0;0;1;1;0;1;1;2;0;25;2;6.111111111;7;0;0;8.333333333;6.5;5.555555556;4
448;0;1;0;0;0;1;1;0;0;2;25;0;0;0;100;7;110;6.5;0;0
449;0;0;1;0;1;0;1;1;2;0;25;2;24.44444444;9;0;0;11.11111111;2.5;24.44444444;6
450;0;0;0;1;1;0;1;1;2;0;10;2;11.57894737;5;0;0;15.78947368;6.5;11.57894737;4
451;0;0;0;1;0;1;1;1;0;2;10;2;0;0;14.28571429;9;42.85714286;6.5;25.71428571;4
452;0;0;1;0;1;0;1;1;2;0;10;2;11.76470588;7;0;0;8.235294118;2.5;10.58823529;8
453;1;0;0;0;1;0;1;1;2;0;20;2;6.666666667;9;0;0;18.0952381;6.5;7.619047619;6
454;0;1;0;0;0;1;1;1;0;2;25;2;0;0;8.235294118;5;15.29411765;4.5;10.58823529;8
455;0;0;0;1;1;0;1;1;2;0;15;2;11.57894737;7;0;0;20;4.5;11.57894737;4
456;0;0;1;0;1;1;1;0;2;2;15;0;7.826086957;5;2.608695652;7;6.956521739;6.5;0;0
457;0;1;0;0;0;1;1;1;0;2;20;2;0;0;3.888888889;9;3.888888889;4.5;6.111111111;4
458;0;1;0;0;0;1;1;1;0;2;25;2;0;0;10.90909091;9;12.72727273;4.5;20;4
459;0;0;0;1;0;1;1;1;0;2;10;2;0;0;20;7;10.76923077;2.5;13.84615385;8
460;1;0;0;0;1;1;1;0;2;2;20;0;9.090909091;7;23.63636364;5;20;6.5;0;0
461;0;0;0;1;1;0;0;1;2;0;0;2;31.42857143;5;0;0;0;0;25.71428571;8
462;0;0;1;0;1;0;1;0;2;0;5;0;20;9;0;0;11.57894737;2.5;0;0
463;1;0;0;0;1;1;0;1;2;2;0;2;20;7;7.368421053;5;0;0;11.57894737;8
464;0;0;1;0;0;0;1;1;0;0;20;2;0;0;0;0;8.571428571;4.5;8.571428571;4
465;0;1;0;0;0;1;1;1;0;2;5;2;0;0;23.63636364;9;12.72727273;2.5;23.63636364;6
466;0;0;1;0;0;1;1;0;0;2;25;0;0;0;6.086956522;9;11.30434783;4.5;0;0
467;0;0;0;1;1;0;1;1;2;0;20;2;24;7;0;0;52;4.5;36;8
468;0;0;1;0;1;1;1;0;2;2;25;0;8.421052632;7;13.68421053;9;3.157894737;2.5;0;0
469;0;0;1;0;1;0;1;1;2;0;10;2;60;5;0;0;24;6.5;44;8
470;0;0;0;1;1;0;1;1;2;0;15;2;15.78947368;9;0;0;5.263157895;4.5;9.473684211;4
471;0;0;1;0;0;1;1;0;0;2;5;0;0;0;27.27272727;5;16.36363636;6.5;0;0
472;0;1;0;0;0;1;1;1;0;2;15;2;0;0;22.35294118;7;9.411764706;2.5;10.58823529;8
473;0;0;1;0;0;1;1;0;0;2;5;0;0;0;23.07692308;9;16.92307692;2.5;0;0
474;0;1;0;0;0;1;1;1;0;2;10;2;0;0;6.666666667;7;8.571428571;2.5;8.571428571;8
475;1;0;0;0;1;0;1;1;2;0;10;2;70;9;0;0;150;4.5;150;4
476;0;0;1;0;1;1;1;0;2;2;15;0;37.14285714;7;37.14285714;9;14.28571429;2.5;0;0
477;0;1;0;0;0;1;1;0;0;2;25;0;0;0;20;5;10.90909091;4.5;0;0
478;0;1;0;0;1;1;1;0;2;2;25;0;14.66666667;7;9.333333333;9;9.333333333;2.5;0;0
479;0;0;1;0;0;0;1;1;0;0;5;2;0;0;0;0;8.8;2.5;8;6
480;0;0;1;0;1;0;1;0;2;0;15;0;2.608695652;9;0;0;7.826086957;2.5;0;0
481;0;0;0;1;1;0;1;1;2;0;10;2;5.454545455;5;0;0;16.36363636;4.5;16.36363636;6
482;0;0;1;0;1;0;1;1;2;0;20;2;52;7;0;0;44;2.5;60;4
483;0;0;1;0;0;1;1;0;0;2;20;0;0;0;44;9;76;4.5;0;0
484;0;0;1;0;1;0;1;1;2;0;5;2;14.66666667;5;0;0;14.66666667;4.5;12;8
485;0;0;1;0;1;0;1;1;2;0;5;2;9.333333333;5;0;0;17.33333333;6.5;20;6
486;1;0;0;0;1;1;0;1;2;2;0;2;13.68421053;5;11.57894737;7;0;0;17.89473684;8
487;0;0;1;0;1;0;1;0;2;0;25;0;4;9;0;0;12;2.5;0;0
488;0;0;0;1;0;0;1;1;0;0;25;2;0;0;0;0;11.57894737;4.5;9.473684211;8
489;0;0;1;0;1;1;1;0;2;2;15;0;12.72727273;9;12.72727273;7;14.54545455;2.5;0;0
490;0;1;0;0;0;1;1;1;0;2;5;2;0;0;15.38461538;5;10.76923077;4.5;26.15384615;6
491;0;0;1;0;1;1;1;0;2;2;10;0;10.76923077;9;9.230769231;7;16.92307692;2.5;0;0
492;0;0;0;1;0;1;1;1;0;2;10;2;0;0;9.333333333;9;6.666666667;2.5;12;6
493;1;0;0;0;1;0;1;0;2;0;15;0;14.66666667;7;0;0;17.33333333;6.5;0;0
494;1;0;0;0;1;0;1;1;2;0;15;2;9.333333333;9;0;0;12;2.5;12;6
495;0;0;0;1;1;0;1;1;2;0;25;2;10.47619048;5;0;0;6.666666667;6.5;10.47619048;4
496;0;0;1;0;1;1;1;0;2;2;20;0;10.4;5;4;7;8.8;4.5;0;0
497;0;0;0;1;0;1;1;1;0;2;20;2;0;0;4.285714286;5;18.57142857;4.5;21.42857143;8
498;1;0;0;0;1;0;1;0;2;0;20;0;15.55555556;5;0;0;24.44444444;6.5;0;0
499;0;0;1;0;0;1;1;1;0;2;5;2;0;0;10.58823529;7;12.94117647;6.5;10.58823529;4
500;0;0;0;1;1;0;1;1;2;0;25;2;76;5;0;0;28;4.5;52;8
501;1;0;0;0;1;0;1;1;2;0;25;2;10;5;0;0;18.57142857;4.5;12.85714286;8
502;0;0;1;0;0;0;1;1;0;0;10;2;0;0;0;0;15.55555556;4.5;20;4
503;0;0;1;0;1;0;1;0;2;0;25;0;3.333333333;5;0;0;7.222222222;6.5;0;0
504;0;0;0;1;0;1;1;1;0;2;5;2;0;0;15.71428571;9;12.85714286;4.5;12.85714286;4
505;1;0;0;0;1;1;1;0;2;2;25;0;12;9;36;7;40;2.5;0;0
506;0;0;0;1;0;1;1;1;0;2;5;2;0;0;14.7826087;9;9.565217391;2.5;7.826086957;6
507;1;0;0;0;1;1;1;0;2;2;20;0;20;9;20;5;14.66666667;4.5;0;0
508;0;0;0;1;0;1;1;1;0;2;10;2;0;0;9.473684211;5;6.315789474;6.5;9.473684211;6
509;1;0;0;0;1;0;1;1;2;0;5;2;11.72413793;7;0;0;6.896551724;2.5;6.206896552;6
510;0;0;1;0;1;0;1;0;2;0;20;0;23.75;5;0;0;6.25;4.5;0;0
511;0;0;1;0;1;0;1;0;2;0;20;0;4.615384615;5;0;0;29.23076923;4.5;0;0
512;0;0;0;1;1;0;1;1;2;0;25;2;10.90909091;5;0;0;12.72727273;6.5;16.36363636;6
513;1;0;0;0;1;0;1;1;2;0;25;2;10.90909091;9;0;0;12.72727273;2.5;20;8
514;0;0;1;0;1;0;1;0;2;0;5;0;52;7;0;0;52;6.5;0;0
515;0;0;1;0;0;1;1;1;0;2;15;2;0;0;9.444444444;9;3.888888889;4.5;5;4
516;0;0;1;0;1;1;1;0;2;2;5;0;9.333333333;9;14.66666667;5;14.66666667;4.5;0;0
517;0;0;1;0;0;1;1;1;0;2;10;2;0;0;29.23076923;5;4.615384615;4.5;12.30769231;8
518;0;0;1;0;1;0;1;0;2;0;25;0;9.333333333;9;0;0;14.66666667;2.5;0;0
519;0;0;1;0;0;0;1;1;0;0;10;2;0;0;0;0;9.333333333;2.5;25.33333333;8
520;0;0;1;0;1;1;1;0;2;2;10;0;18.57142857;9;21.42857143;7;7.142857143;2.5;0;0
521;1;0;0;0;1;1;1;0;2;2;5;0;9.333333333;5;6.666666667;9;12;4.5;0;0
522;1;0;0;0;1;1;0;1;2;2;0;2;14.28571429;5;8.571428571;9;0;0;7.619047619;6
523;0;0;0;1;1;0;1;1;2;0;15;2;8.235294118;5;0;0;15.29411765;4.5;20;8
524;0;0;1;0;1;0;1;0;2;0;10;0;12.94117647;9;0;0;5.882352941;4.5;0;0
525;0;0;1;0;0;1;1;1;0;2;5;2;0;0;5.6;9;12;4.5;6.4;4
526;0;0;0;1;0;1;1;1;0;2;5;2;0;0;7.2;5;5.6;2.5;10.4;8
527;0;0;0;1;0;1;1;1;0;2;5;2;0;0;12.85714286;7;8.571428571;2.5;12.85714286;8
528;0;0;1;0;0;1;1;1;0;2;25;2;0;0;5.185185185;5;8.148148148;6.5;6.666666667;6
529;0;0;0;1;1;0;1;1;2;0;20;2;24.28571429;9;0;0;15.71428571;4.5;12.85714286;4
530;0;1;0;0;0;1;1;1;0;2;25;2;0;0;4;7;14.66666667;6.5;14.66666667;4
531;0;0;1;0;0;1;1;1;0;2;15;2;0;0;15.55555556;9;6.666666667;4.5;22.22222222;4
532;0;0;1;0;1;0;1;1;2;0;5;2;9.333333333;9;0;0;17.33333333;4.5;12;4
533;0;1;0;0;0;1;1;1;0;2;10;2;0;0;13.84615385;9;10.76923077;4.5;15.38461538;6
534;1;0;0;0;1;1;1;0;2;2;15;0;3.888888889;9;3.888888889;5;10.55555556;4.5;0;0
535;1;0;0;0;1;0;1;0;2;0;20;0;37.14285714;7;0;0;14.28571429;2.5;0;0
536;0;0;1;0;1;0;1;1;2;0;20;2;13.68421053;9;0;0;7.368421053;2.5;9.473684211;6
537;0;0;1;0;0;1;1;1;0;2;10;2;0;0;5;7;7.222222222;6.5;5;4
538;0;0;0;1;0;0;1;1;0;0;10;2;0;0;0;0;9.333333333;6.5;12;4
539;0;0;1;0;0;1;1;1;0;2;25;2;0;0;17.64705882;5;10.58823529;6.5;10.58823529;6
540;0;0;0;1;1;0;1;1;2;0;10;2;20;9;0;0;23.63636364;4.5;20;4
541;0;0;1;0;1;0;1;1;2;0;15;2;32;9;0;0;12;2.5;36;6
542;0;0;1;0;1;1;1;0;2;2;20;0;11.76470588;5;8.235294118;7;12.94117647;6.5;0;0
543;1;0;0;0;1;1;1;0;2;2;10;0;6.206896552;9;13.10344828;5;7.586206897;4.5;0;0
544;1;0;0;0;1;0;1;1;2;0;5;2;12.72727273;9;0;0;30.90909091;4.5;16.36363636;4
545;0;0;0;1;0;1;1;1;0;2;15;2;0;0;13.68421053;5;7.368421053;4.5;11.57894737;6
546;0;0;0;1;0;1;1;1;0;2;5;2;0;0;4;9;12;4.5;12;4
547;1;0;0;0;1;1;0;1;2;2;0;2;3.157894737;5;13.68421053;7;0;0;13.68421053;8
548;0;0;1;0;1;1;1;0;2;2;10;0;9.230769231;7;26.15384615;5;16.92307692;2.5;0;0
549;0;0;1;0;1;0;1;1;2;0;10;2;33.33333333;5;0;0;15.55555556;6.5;17.77777778;6
550;0;0;1;0;1;1;1;0;2;2;10;0;4;9;8.8;7;7.2;2.5;0;0
551;1;0;0;0;1;0;1;1;2;0;25;2;130;7;0;0;70;6.5;90;4
552;0;1;0;0;1;1;1;0;2;2;10;0;4;7;10.4;5;5.6;6.5;0;0
553;1;0;0;0;1;0;1;1;2;0;5;2;5.6;7;0;0;8.8;2.5;10.4;8
554;0;1;0;0;1;1;1;0;2;2;15;0;15.29411765;7;15.29411765;5;17.64705882;6.5;0;0
555;0;0;1;0;1;1;1;0;2;2;25;0;23.07692308;9;13.84615385;7;16.92307692;2.5;0;0
556;0;0;1;0;0;1;1;0;0;2;10;0;0;0;14.66666667;9;10.66666667;2.5;0;0
557;0;0;0;1;1;0;1;1;2;0;20;2;16.36363636;7;0;0;30.90909091;6.5;20;4
558;0;0;1;0;0;1;1;1;0;2;15;2;0;0;9.333333333;9;12;4.5;13.33333333;4
559;0;1;0;0;0;1;1;0;0;2;25;0;0;0;15.29411765;7;8.235294118;2.5;0;0
560;1;0;0;0;1;0;1;1;2;0;20;2;15.29411765;7;0;0;8.235294118;6.5;10.58823529;4
561;0;0;1;0;1;0;1;0;2;0;5;0;10.47619048;5;0;0;9.523809524;4.5;0;0
562;0;0;0;1;0;0;1;1;0;0;10;2;0;0;0;0;12.72727273;6.5;16.36363636;4
563;1;0;0;0;1;0;1;1;2;0;15;2;8.8;9;0;0;12;4.5;8.8;4
564;0;0;1;0;0;1;1;1;0;2;5;2;0;0;10.58823529;7;7.058823529;2.5;10.58823529;8
565;1;0;0;0;1;1;1;0;2;2;20;0;7.058823529;9;5.882352941;5;17.64705882;4.5;0;0
566;0;0;1;0;0;0;1;1;0;0;10;2;0;0;0;0;5.185185185;2.5;14.07407407;8
567;0;0;0;1;0;1;1;1;0;2;10;2;0;0;12;9;9.333333333;4.5;13.33333333;6
568;0;0;1;0;0;1;1;1;0;2;15;2;0;0;7.368421053;7;7.368421053;6.5;8.421052632;4
569;0;0;0;1;0;1;1;1;0;2;5;2;0;0;20;5;60;6.5;36;6
570;0;0;1;0;1;0;1;0;2;0;25;0;8.965517241;9;0;0;13.10344828;4.5;0;0
571;0;0;1;0;1;1;1;0;2;2;10;0;11.30434783;9;7.826086957;7;6.956521739;2.5;0;0
572;0;0;1;0;1;1;1;0;2;2;10;0;3.888888889;5;5;7;7.222222222;6.5;0;0
573;0;0;0;1;1;0;1;1;2;0;15;2;8.571428571;9;0;0;10;2.5;18.57142857;6
574;0;0;1;0;1;1;1;0;2;2;10;0;8.571428571;5;4.285714286;7;15.71428571;6.5;0;0
575;0;0;1;0;1;0;1;0;2;0;15;0;20;7;0;0;20;2.5;0;0
576;0;0;1;0;0;1;1;0;0;2;25;0;0;0;10.76923077;7;16.92307692;6.5;0;0
577;0;1;0;0;1;1;1;0;2;2;20;0;3.888888889;9;8.333333333;5;1.666666667;4.5;0;0
578;0;0;1;0;0;0;1;1;0;0;20;2;0;0;0;0;9.090909091;4.5;16.36363636;8
579;0;0;1;0;1;1;1;0;2;2;25;0;10.4;7;5.6;9;4.8;2.5;0;0
580;0;0;0;1;0;1;1;1;0;2;20;2;0;0;6.086956522;5;11.30434783;4.5;13.04347826;8
581;0;0;1;0;0;1;1;1;0;2;25;2;0;0;7.619047619;5;8.571428571;6.5;10.47619048;6
582;0;0;1;0;1;0;1;1;2;0;15;2;23.63636364;9;0;0;23.63636364;4.5;27.27272727;4
583;1;0;0;0;1;1;1;0;2;2;20;0;25.33333333;5;8;9;6.666666667;2.5;0;0
584;0;0;1;0;1;0;1;1;2;0;20;2;2.068965517;9;0;0;6.206896552;2.5;5.517241379;6
585;0;0;1;0;1;0;1;1;2;0;15;2;5.714285714;9;0;0;6.666666667;2.5;12.38095238;6
586;0;0;0;1;0;1;1;1;0;2;15;2;0;0;24.44444444;5;22.22222222;4.5;24.44444444;8
587;0;0;1;0;0;1;1;0;0;2;5;0;0;0;9.62962963;7;9.62962963;6.5;0;0
588;0;0;1;0;0;1;1;0;0;2;10;0;0;0;11.72413793;7;7.586206897;2.5;0;0
589;0;1;0;0;0;1;0;1;0;2;0;2;0;0;14.54545455;7;0;0;16.36363636;4
590;0;0;0;1;0;0;1;1;0;0;15;2;0;0;0;0;16.92307692;6.5;13.84615385;4
591;0;0;1;0;1;0;1;1;2;0;15;2;10.66666667;5;0;0;9.333333333;6.5;12;6
592;0;0;1;0;1;1;1;0;2;2;25;0;22.22222222;5;24.44444444;7;20;6.5;0;0
593;0;0;0;1;0;1;1;1;0;2;10;2;0;0;12;7;14.66666667;2.5;20;8
594;0;0;1;0;0;1;1;1;0;2;25;2;0;0;16.36363636;7;9.090909091;2.5;20;8
595;1;0;0;0;1;0;1;1;2;0;20;2;3.888888889;9;0;0;3.888888889;4.5;5;4
596;0;0;1;0;1;0;1;1;2;0;10;2;8.571428571;9;0;0;17.14285714;4.5;31.42857143;4
597;0;0;1;0;1;0;1;1;2;0;25;2;12;5;0;0;10.4;6.5;10.4;6
598;0;1;0;0;1;1;1;0;2;2;5;0;9.333333333;7;4;5;22.66666667;6.5;0;0
599;0;0;1;0;1;0;1;0;2;0;15;0;20;7;0;0;12.72727273;6.5;0;0
600;0;0;0;1;1;1;0;1;2;2;0;2;14.28571429;5;54.28571429;7;0;0;31.42857143;8
601;1;0;0;0;1;0;1;1;2;0;20;2;4.615384615;5;0;0;16.92307692;6.5;13.84615385;6
602;0;1;0;0;1;1;1;0;2;2;5;0;9.444444444;5;6.111111111;9;3.888888889;4.5;0;0
603;0;0;0;1;1;0;1;1;2;0;20;2;7.407407407;9;0;0;8.148148148;2.5;8.148148148;8
604;0;1;0;0;0;1;1;1;0;2;20;2;0;0;5.882352941;7;11.76470588;2.5;10.58823529;8
605;0;0;1;0;0;1;1;1;0;2;15;2;0;0;24.44444444;7;22.22222222;2.5;24.44444444;8
606;0;0;1;0;0;0;1;1;0;0;5;2;0;0;0;0;16.92307692;2.5;15.38461538;6
607;0;0;1;0;0;0;1;1;0;0;10;2;0;0;0;0;12.85714286;6.5;21.42857143;6
608;0;1;0;0;1;1;1;0;2;2;20;0;10.52631579;5;7.368421053;7;11.57894737;6.5;0;0
609;0;0;1;0;0;1;1;0;0;2;25;0;0;0;7.058823529;5;12.94117647;6.5;0;0
610;0;1;0;0;0;1;1;1;0;2;20;2;0;0;31.42857143;9;20;2.5;28.57142857;6
611;0;0;1;0;1;0;1;1;2;0;15;2;10.76923077;7;0;0;10.76923077;6.5;20;4
612;0;1;0;0;0;1;1;0;0;2;20;0;0;0;13.68421053;9;8.421052632;4.5;0;0
613;0;1;0;0;0;1;1;1;0;2;25;2;0;0;20;5;20;6.5;23.07692308;4
614;0;0;0;1;0;1;1;1;0;2;15;2;0;0;9.565217391;5;16.52173913;6.5;13.04347826;6
615;1;0;0;0;1;0;1;0;2;0;15;0;9.473684211;5;0;0;3.157894737;4.5;0;0
616;0;0;0;1;0;1;1;1;0;2;5;2;0;0;7.407407407;9;3.703703704;4.5;8.148148148;4
617;0;0;1;0;0;1;1;0;0;2;10;0;0;0;8.8;5;4.8;6.5;0;0
618;0;1;0;0;1;1;1;0;2;2;10;0;5.882352941;7;8.235294118;9;12.94117647;2.5;0;0
619;0;0;1;0;1;1;1;0;2;2;25;0;7.586206897;5;4.827586207;7;7.586206897;6.5;0;0
620;0;1;0;0;0;1;1;1;0;2;20;2;0;0;8.235294118;7;12.94117647;4.5;12.94117647;8
621;0;1;0;0;0;1;1;1;0;2;5;2;0;0;10;9;8.571428571;4.5;21.42857143;4
622;0;0;1;0;1;0;1;1;2;0;15;2;10.52631579;7;0;0;9.473684211;6.5;9.473684211;4
623;0;1;0;0;0;1;1;0;0;2;15;0;0;0;11.11111111;9;28.88888889;4.5;0;0
624;0;0;1;0;1;1;1;0;2;2;5;0;9.411764706;5;15.29411765;9;7.058823529;2.5;0;0
625;0;1;0;0;0;1;1;0;0;2;10;0;0;0;7.368421053;9;9.473684211;2.5;0;0
626;0;1;0;0;1;1;1;0;2;2;15;0;20;7;15.29411765;5;10.58823529;6.5;0;0
627;1;0;0;0;1;0;1;1;2;0;20;2;16.36363636;5;0;0;23.63636364;4.5;20;8
628;0;0;1;0;0;1;1;1;0;2;25;2;0;0;14.66666667;9;12;4.5;14.66666667;4
629;0;1;0;0;0;1;1;0;0;2;25;0;0;0;12;5;9.333333333;6.5;0;0
630;1;0;0;0;1;1;1;0;2;2;20;0;12.94117647;5;8.235294118;9;7.058823529;4.5;0;0
631;1;0;0;0;1;0;1;1;2;0;5;2;17.33333333;7;0;0;9.333333333;2.5;12;4
632;0;1;0;0;0;1;1;1;0;2;10;2;0;0;33.33333333;5;15.55555556;4.5;20;8
633;0;0;0;1;0;1;1;1;0;2;15;2;0;0;10;7;15.71428571;6.5;18.57142857;4
634;0;0;1;0;1;0;1;0;2;0;20;0;8.148148148;9;0;0;5.185185185;4.5;0;0
635;1;0;0;0;1;1;1;0;2;2;15;0;11.57894737;7;11.57894737;9;6.315789474;2.5;0;0
636;0;0;1;0;1;1;1;0;2;2;10;0;24.28571429;7;18.57142857;9;10;2.5;0;0
637;1;0;0;0;1;1;1;0;2;2;10;0;15.55555556;9;28.88888889;5;33.33333333;4.5;0;0
638;0;0;1;0;0;1;1;1;0;2;10;2;0;0;20;9;14.54545455;2.5;16.36363636;6
639;0;0;1;0;0;1;1;1;0;2;25;2;0;0;14.54545455;9;16.36363636;2.5;20;6
640;0;0;0;1;0;1;1;1;0;2;20;2;0;0;9.090909091;7;23.63636364;6.5;20;4
641;1;0;0;0;1;0;1;1;2;0;15;2;110;5;0;0;150;4.5;80;8
642;0;1;0;0;1;1;0;1;2;2;0;2;5.263157895;7;5.263157895;9;0;0;13.68421053;4
643;0;0;0;1;1;0;1;1;2;0;25;2;2.777777778;9;0;0;3.888888889;2.5;8.333333333;6
644;0;1;0;0;0;1;1;1;0;2;10;2;0;0;4.761904762;9;12.38095238;4.5;9.523809524;6
645;0;0;1;0;1;0;1;0;2;0;20;0;31.42857143;5;0;0;31.42857143;6.5;0;0
646;0;1;0;0;1;1;1;0;2;2;15;0;6.086956522;5;8.695652174;9;11.30434783;4.5;0;0
647;0;1;0;0;1;1;0;1;2;2;0;2;9.333333333;9;17.33333333;7;0;0;10.66666667;4
648;1;0;0;0;1;0;1;1;2;0;25;2;18.18181818;5;0;0;16.36363636;2.5;16.36363636;6
649;0;0;0;1;0;0;1;1;0;0;15;2;0;0;0;0;6.111111111;2.5;6.111111111;8
650;0;0;1;0;1;0;1;0;2;0;15;0;7.586206897;5;0;0;4.827586207;6.5;0;0
651;0;1;0;0;0;1;1;1;0;2;25;2;0;0;13.68421053;9;5.263157895;4.5;11.57894737;4
652;0;0;1;0;1;1;1;0;2;2;20;0;5.882352941;9;20;5;11.76470588;6.5;0;0
653;0;1;0;0;0;1;1;0;0;2;5;0;0;0;30;9;190;4.5;0;0
654;0;1;0;0;1;1;1;0;2;2;5;0;5.454545455;7;27.27272727;5;20;6.5;0;0
655;0;1;0;0;0;1;1;1;0;2;25;2;0;0;6.111111111;5;10.55555556;6.5;6.111111111;6
656;0;1;0;0;1;1;1;0;2;2;20;0;6.111111111;7;3.333333333;9;6.111111111;2.5;0;0
657;0;0;0;1;0;0;1;1;0;0;10;2;0;0;0;0;8.148148148;2.5;6.666666667;6
658;1;0;0;0;1;1;1;0;2;2;25;0;20;9;42.85714286;5;20;4.5;0;0
659;0;0;1;0;0;0;1;1;0;0;10;2;0;0;0;0;7.826086957;6.5;7.826086957;4
660;0;0;1;0;0;1;1;0;0;2;5;0;0;0;13.68421053;5;5.263157895;4.5;0;0
661;0;0;1;0;0;1;1;0;0;2;25;0;0;0;6.666666667;5;17.33333333;4.5;0;0
662;0;1;0;0;0;1;1;1;0;2;5;2;0;0;20;5;9.230769231;6.5;23.07692308;6
663;0;0;1;0;0;0;1;1;0;0;10;2;0;0;0;0;10.4;4.5;7.2;8
664;1;0;0;0;1;0;1;1;2;0;5;2;10;7;0;0;15.71428571;2.5;12.85714286;8
665;0;1;0;0;0;1;1;1;0;2;25;2;0;0;7.368421053;9;15.78947368;4.5;11.57894737;4
666;0;0;1;0;1;1;1;0;2;2;15;0;10.55555556;7;7.222222222;9;3.888888889;2.5;0;0
667;0;1;0;0;0;1;1;1;0;2;25;2;0;0;16.52173913;5;6.086956522;6.5;7.826086957;6
668;0;0;1;0;1;0;1;0;2;0;5;0;12;5;0;0;20;6.5;0;0
669;0;0;1;0;0;1;1;0;0;2;5;0;0;0;14.66666667;9;14.66666667;4.5;0;0
670;1;0;0;0;1;1;1;0;2;2;15;0;8.571428571;9;25.71428571;7;31.42857143;2.5;0;0
671;0;1;0;0;0;1;1;1;0;2;10;2;0;0;37.14285714;9;14.28571429;4.5;22.85714286;4
672;0;0;0;1;0;1;1;1;0;2;5;2;0;0;11.11111111;5;5.925925926;4.5;8.148148148;8
673;0;1;0;0;0;1;1;0;0;2;10;0;0;0;12.72727273;5;20;4.5;0;0
674;0;1;0;0;0;1;1;1;0;2;25;2;0;0;4;9;14.66666667;2.5;12;6
675;0;0;1;0;1;0;1;1;2;0;25;2;15.71428571;9;0;0;12.85714286;2.5;18.57142857;6
676;0;0;1;0;1;1;1;0;2;2;5;0;3.157894737;7;7.368421053;9;13.68421053;6.5;0;0
677;1;0;0;0;1;1;0;1;2;2;0;2;16.36363636;9;30.90909091;7;0;0;16.36363636;4
678;0;0;1;0;1;1;1;0;2;2;5;0;11.30434783;5;6.086956522;7;7.826086957;6.5;0;0
679;0;0;1;0;1;0;1;1;2;0;10;2;16.92307692;9;0;0;16.92307692;2.5;13.84615385;6
680;1;0;0;0;1;1;1;0;2;2;25;0;12.85714286;9;27.14285714;5;12.85714286;4.5;0;0
681;0;1;0;0;0;1;1;1;0;2;5;2;0;0;9.230769231;9;16.92307692;4.5;20;4
682;0;0;0;1;0;1;0;1;0;2;0;2;0;0;68;9;0;0;36;4
683;0;0;1;0;0;0;1;1;0;0;15;2;0;0;0;0;25.33333333;6.5;12;6
684;1;0;0;0;1;1;1;0;2;2;20;0;5.882352941;7;15.29411765;5;12.94117647;6.5;0;0
685;0;0;1;0;0;1;1;1;0;2;20;2;0;0;4.347826087;9;9.565217391;2.5;14.7826087;6
686;0;0;0;1;0;1;1;1;0;2;15;2;0;0;6.666666667;9;20;4.5;20;8
687;1;0;0;0;1;1;1;0;2;2;25;0;6.25;9;11.25;7;8.75;2.5;0;0
688;0;0;0;1;1;1;0;1;2;2;0;2;40;7;20;9;0;0;36;4
689;0;0;0;1;0;1;1;1;0;2;15;2;0;0;10;5;12.85714286;6.5;15.71428571;6
690;0;0;1;0;0;0;1;1;0;0;25;2;0;0;0;0;10.4;4.5;7.2;4
691;0;1;0;0;1;1;1;0;2;2;25;0;4.827586207;5;4.827586207;7;7.586206897;6.5;0;0
692;0;0;1;0;1;0;1;1;2;0;25;2;44;7;0;0;44;2.5;60;8
693;1;0;0;0;1;0;1;0;2;0;15;0;5.882352941;9;0;0;8.235294118;2.5;0;0
694;0;0;1;0;1;0;1;0;2;0;20;0;13.6;9;0;0;7.2;2.5;0;0
695;0;1;0;0;0;1;1;1;0;2;10;2;0;0;4;9;17.33333333;4.5;12;4
696;1;0;0;0;1;0;1;1;2;0;15;2;6.666666667;7;0;0;20;6.5;12;8
697;0;0;0;1;1;0;1;1;2;0;15;2;23.07692308;9;0;0;13.84615385;2.5;12.30769231;8
698;0;1;0;0;0;1;1;0;0;2;5;0;0;0;8.148148148;7;2.222222222;2.5;0;0
699;0;0;1;0;1;0;1;1;2;0;15;2;14.28571429;5;0;0;6.666666667;6.5;8.571428571;6
700;0;1;0;0;1;1;1;0;2;2;15;0;12.85714286;5;7.142857143;7;18.57142857;6.5;0;0
701;1;0;0;0;1;0;1;0;2;0;15;0;15.55555556;7;0;0;15.55555556;2.5;0;0
702;0;0;0;1;0;1;1;1;0;2;25;2;0;0;10;9;11.42857143;4.5;12.85714286;4
703;0;0;1;0;1;0;1;0;2;0;5;0;5.555555556;7;0;0;7.222222222;4.5;0;0
704;0;1;0;0;1;1;1;0;2;2;15;0;9.565217391;5;9.565217391;9;4.347826087;4.5;0;0
705;1;0;0;0;1;0;1;1;2;0;15;2;17.33333333;7;0;0;12;6.5;12;4
706;0;0;0;1;1;0;1;1;2;0;10;2;5.185185185;7;0;0;6.666666667;6.5;8.148148148;4
707;0;0;1;0;1;1;1;0;2;2;25;0;10.66666667;7;25.33333333;9;4;2.5;0;0
708;0;0;1;0;0;1;1;1;0;2;20;2;0;0;3.703703704;5;7.407407407;6.5;6.666666667;6
709;0;0;0;1;1;0;1;1;2;0;10;2;23.07692308;7;0;0;16.92307692;6.5;12.30769231;4
710;0;0;1;0;0;1;1;0;0;2;20;0;0;0;16.92307692;5;20;4.5;0;0
711;1;0;0;0;1;0;1;0;2;0;20;0;16.92307692;9;0;0;10.76923077;2.5;0;0
712;0;0;0;1;1;0;1;1;2;0;20;2;15.78947368;5;0;0;13.68421053;4.5;9.473684211;8
713;0;0;0;1;1;0;1;1;2;0;20;2;60;5;0;0;52;4.5;36;8
714;0;0;1;0;1;0;1;1;2;0;5;2;6.896551724;7;0;0;6.206896552;2.5;6.206896552;8
715;0;0;1;0;0;0;1;0;0;0;15;0;0;0;0;0;17.89473684;6.5;0;0
716;1;0;0;0;1;1;1;0;2;2;10;0;12.72727273;5;23.63636364;9;12.72727273;4.5;0;0
717;0;0;1;0;1;0;1;0;2;0;10;0;7.222222222;5;0;0;1.666666667;4.5;0;0
718;0;0;1;0;1;0;1;0;2;0;25;0;6.666666667;7;0;0;12;6.5;0;0
719;0;0;1;0;0;0;1;1;0;0;10;2;0;0;0;0;12;4.5;12;8
720;0;0;0;1;0;0;1;1;0;0;15;2;0;0;0;0;15.55555556;6.5;20;4
721;1;0;0;0;1;1;0;1;2;2;0;2;80;7;90;9;0;0;110;4
722;1;0;0;0;1;0;1;1;2;0;15;2;9.333333333;7;0;0;13.33333333;2.5;12;8
723;0;1;0;0;0;1;1;1;0;2;10;2;0;0;8.148148148;7;6.666666667;2.5;5.925925926;6
724;0;0;1;0;1;0;1;0;2;0;5;0;10.47619048;9;0;0;10.47619048;2.5;0;0
725;0;1;0;0;0;1;1;0;0;2;15;0;0;0;4.615384615;5;16.92307692;4.5;0;0
726;0;1;0;0;0;1;1;0;0;2;10;0;0;0;5.555555556;7;9.444444444;6.5;0;0
727;0;0;1;0;0;1;1;0;0;2;15;0;0;0;3.529411765;5;15.29411765;6.5;0;0
728;0;0;1;0;1;0;1;0;2;0;10;0;6.315789474;5;0;0;11.57894737;6.5;0;0
729;0;0;1;0;0;1;1;1;0;2;20;2;0;0;2.777777778;7;8.333333333;6.5;9.444444444;4
730;0;0;0;1;0;1;0;1;0;2;0;2;0;0;20;9;0;0;10.58823529;4
731;0;0;0;1;1;0;1;1;2;0;5;2;6.666666667;7;0;0;6.666666667;6.5;10.47619048;4
732;0;0;1;0;1;0;1;1;2;0;5;2;30.90909091;5;0;0;20;6.5;20;6
733;1;0;0;0;1;0;1;0;2;0;20;0;20;5;0;0;25.71428571;6.5;0;0
734;0;0;0;1;1;0;1;1;2;0;20;2;23.63636364;5;0;0;27.27272727;6.5;20;6
735;0;1;0;0;0;1;1;1;0;2;20;2;0;0;12.85714286;5;14.28571429;4.5;15.71428571;8
736;0;0;1;0;0;1;1;1;0;2;15;2;0;0;14.28571429;5;17.14285714;6.5;37.14285714;6
737;0;1;0;0;0;1;1;1;0;2;20;2;0;0;20;9;12.72727273;2.5;18.18181818;6
738;0;1;0;0;1;1;1;0;2;2;10;0;16.92307692;5;16.92307692;9;23.07692308;4.5;0;0
739;0;0;1;0;1;0;1;0;2;0;20;0;20;7;0;0;28.57142857;2.5;0;0
740;0;0;1;0;1;0;1;0;2;0;25;0;16.92307692;7;0;0;20;6.5;0;0
741;0;0;1;0;0;1;1;1;0;2;25;2;0;0;5.6;7;5.6;2.5;6.4;8
742;0;0;0;1;1;0;1;1;2;0;15;2;12.72727273;5;0;0;27.27272727;6.5;20;6
743;0;1;0;0;1;1;1;0;2;2;20;0;7.368421053;5;11.57894737;7;11.57894737;6.5;0;0
744;0;1;0;0;0;1;0;1;0;2;0;2;0;0;4.8;5;0;0;10.4;6
745;0;1;0;0;1;1;1;0;2;2;10;0;6.086956522;9;6.956521739;7;4.347826087;2.5;0;0
746;1;0;0;0;1;0;1;1;2;0;10;2;10.90909091;5;0;0;23.63636364;4.5;16.36363636;8
747;0;1;0;0;1;1;1;0;2;2;15;0;6.086956522;7;8.695652174;7;9.565217391;6.5;0;0
748;1;0;0;0;1;0;1;1;2;0;25;2;2.777777778;5;0;0;8.333333333;4.5;7.222222222;8
749;0;0;0;1;1;0;1;1;2;0;10;2;30.90909091;9;0;0;16.36363636;2.5;20;6
750;0;0;1;0;1;0;1;1;2;0;20;2;12;5;0;0;13.33333333;6.5;12;6
751;0;0;0;1;1;1;0;1;2;2;0;2;1.666666667;5;3.888888889;7;0;0;5;8
752;0;0;1;0;1;1;1;0;2;2;20;0;9.333333333;7;9.333333333;5;9.333333333;6.5;0;0
753;0;0;1;0;0;1;1;1;0;2;25;2;0;0;18.57142857;5;10;4.5;21.42857143;8
754;0;0;1;0;1;0;1;1;2;0;25;2;16.36363636;7;0;0;12.72727273;6.5;30.90909091;4
755;0;0;1;0;0;1;1;0;0;2;20;0;0;0;28.88888889;5;17.77777778;6.5;0;0
756;1;0;0;0;1;0;1;1;2;0;15;2;6.086956522;9;0;0;9.565217391;2.5;9.565217391;6
757;0;0;1;0;0;1;1;1;0;2;25;2;0;0;4;9;12;6.5;12;6
758;0;0;1;0;1;1;1;0;2;2;15;0;7.407407407;7;11.11111111;9;3.703703704;2.5;0;0
759;1;0;0;0;1;1;1;0;2;2;20;0;13.33333333;7;17.33333333;5;17.33333333;6.5;0;0
760;0;1;0;0;0;1;1;1;0;2;10;2;0;0;3.448275862;5;3.448275862;4.5;7.586206897;8
761;1;0;0;0;1;1;1;0;2;2;5;0;12.72727273;9;12.72727273;5;27.27272727;4.5;0;0
762;0;0;0;1;1;0;1;1;2;0;5;2;7.142857143;5;0;0;27.14285714;6.5;12.85714286;6
763;1;0;0;0;1;1;1;0;2;2;15;0;22.35294118;5;8.235294118;7;9.411764706;6.5;0;0
764;0;1;0;0;1;1;1;0;2;2;20;0;10.4;7;7.2;9;8.8;2.5;0;0
765;0;1;0;0;1;1;1;0;2;2;15;0;11.57894737;9;11.57894737;7;8.421052632;2.5;0;0
766;0;1;0;0;1;1;0;0;2;2;0;0;28.88888889;7;15.55555556;9;0;0;0;0
767;1;0;0;0;1;1;1;0;2;2;5;0;20;5;34.54545455;9;12.72727273;4.5;0;0
768;0;1;0;0;1;1;0;1;2;2;0;2;12;5;44;9;0;0;44;6
769;0;1;0;0;1;1;1;0;2;2;5;0;22.22222222;7;33.33333333;9;15.55555556;2.5;0;0
770;0;0;1;0;1;0;1;1;2;0;10;2;7.222222222;9;0;0;3.888888889;2.5;5;6
771;1;0;0;0;1;1;1;0;2;2;25;0;17.77777778;7;6.666666667;9;24.44444444;6.5;0;0
772;0;0;1;0;1;1;1;0;2;2;15;0;12.72727273;9;18.18181818;7;23.63636364;6.5;0;0
773;1;0;0;0;1;0;1;0;2;0;5;0;6.086956522;7;0;0;11.30434783;6.5;0;0
774;0;0;0;1;1;0;1;1;2;0;25;2;11.57894737;5;0;0;20;6.5;11.57894737;6
775;1;0;0;0;1;0;1;1;2;0;15;2;7.692307692;9;0;0;10.76923077;4.5;26.15384615;4
776;0;0;1;0;0;1;1;1;0;2;10;2;0;0;4.8;5;7.2;4.5;7.2;8
777;0;0;1;0;1;0;1;1;2;0;10;2;15.55555556;7;0;0;28.88888889;6.5;24.44444444;4
778;0;1;0;0;0;1;1;1;0;2;25;2;0;0;15.55555556;9;20;2.5;20;6
779;0;0;1;0;0;1;1;0;0;2;25;0;0;0;20;7;7.058823529;6.5;0;0
780;0;0;1;0;1;1;1;0;2;2;5;0;4.761904762;5;10.47619048;9;14.28571429;4.5;0;0
781;0;0;1;0;0;1;1;1;0;2;5;2;0;0;8.8;9;5.6;2.5;7.2;6
782;0;1;0;0;0;1;1;1;0;2;5;2;0;0;5.454545455;9;27.27272727;4.5;20;4
783;0;0;0;1;1;0;1;1;2;0;10;2;16.52173913;5;0;0;6.086956522;6.5;9.565217391;6
784;1;0;0;0;1;1;1;0;2;2;15;0;9.090909091;9;27.27272727;5;20;4.5;0;0
785;0;1;0;0;1;1;1;0;2;2;20;0;6.111111111;9;3.333333333;9;5;2.5;0;0
786;0;0;0;1;1;0;1;1;2;0;15;2;7.368421053;7;0;0;11.57894737;2.5;15.78947368;8
787;0;0;1;0;1;0;1;1;2;0;5;2;6.666666667;5;0;0;13.33333333;4.5;12;8
788;0;0;1;0;0;1;1;0;0;2;15;0;0;0;6.666666667;9;17.33333333;4.5;0;0
789;0;1;0;0;0;1;1;1;0;2;5;2;0;0;6.666666667;5;2.857142857;4.5;10.47619048;8
790;1;0;0;0;1;1;1;0;2;2;10;0;4.761904762;7;10.47619048;5;10.47619048;6.5;0;0
791;0;0;0;1;1;0;1;1;2;0;20;2;6.956521739;7;0;0;9.565217391;2.5;7.826086957;8
792;1;0;0;0;1;1;1;0;2;2;15;0;4.285714286;7;24.28571429;5;15.71428571;6.5;0;0
793;0;0;1;0;0;1;1;1;0;2;15;2;0;0;6.315789474;9;9.473684211;4.5;13.68421053;4
794;1;0;0;0;1;0;1;1;2;0;20;2;5.217391304;5;0;0;9.565217391;6.5;7.826086957;6
795;0;1;0;0;0;1;1;1;0;2;25;2;0;0;17.33333333;9;14.66666667;4.5;12;4
796;0;0;1;0;0;0;1;1;0;0;15;2;0;0;0;0;3.333333333;6.5;6.111111111;4
797;0;1;0;0;0;1;1;0;0;2;10;0;0;0;3.888888889;5;6.111111111;4.5;0;0
798;0;0;1;0;1;1;1;0;2;2;10;0;60;5;36;7;68;6.5;0;0
799;0;0;0;1;1;0;1;1;2;0;25;2;44;9;0;0;44;2.5;36;6
800;1;0;0;0;1;0;1;0;2;0;20;0;13.33333333;9;0;0;12;2.5;0;0
801;0;0;1;0;0;1;1;0;0;2;25;0;0;0;10.76923077;7;9.230769231;4.5;0;0
802;0;1;0;0;0;1;1;0;0;2;15;0;0;0;16.92307692;7;4.615384615;2.5;0;0
803;0;0;1;0;1;0;1;1;2;0;10;2;12.30769231;7;0;0;10.76923077;6.5;29.23076923;4
804;0;0;0;1;0;0;1;1;0;0;5;2;0;0;0;0;9.090909091;2.5;20;8
805;0;1;0;0;0;1;1;1;0;2;15;2;0;0;6.666666667;9;33.33333333;4.5;24.44444444;4
806;0;0;1;0;1;0;1;0;2;0;25;0;8.333333333;5;0;0;8.333333333;4.5;0;0
807;0;0;0;1;1;0;1;1;2;0;25;2;9.444444444;7;0;0;3.333333333;2.5;6.111111111;8
808;0;0;1;0;1;1;1;0;2;2;15;0;9.473684211;9;7.368421053;7;5.263157895;2.5;0;0
809;0;0;1;0;1;1;1;0;2;2;10;0;2.608695652;9;7.826086957;5;13.04347826;4.5;0;0
810;0;1;0;0;1;1;1;0;2;2;25;0;12;7;5.6;9;4;2.5;0;0
811;0;0;0;1;0;1;1;1;0;2;20;2;0;0;2.857142857;9;10.47619048;4.5;10.47619048;4
812;1;0;0;0;1;0;1;1;2;0;20;2;8.571428571;9;0;0;10.47619048;2.5;10.47619048;6
813;0;0;0;1;0;0;1;1;0;0;20;2;0;0;0;0;37.77777778;4.5;20;4
814;0;0;0;1;0;1;0;1;0;2;0;2;0;0;7.222222222;9;0;0;5;6
815;0;1;0;0;0;1;1;1;0;2;25;2;0;0;8;7;14.66666667;2.5;20;8
816;0;0;0;1;0;1;1;1;0;2;10;2;0;0;10.90909091;5;12.72727273;6.5;20;6
817;0;0;1;0;1;0;1;1;2;0;15;2;25.33333333;7;0;0;14.66666667;2.5;12;4
818;0;0;1;0;0;1;1;0;0;2;10;0;0;0;11.57894737;7;7.368421053;2.5;0;0
819;0;0;1;0;0;1;1;1;0;2;25;2;0;0;14.07407407;5;8.148148148;6.5;8.148148148;6
820;0;0;0;1;1;1;0;1;2;2;0;2;4.137931034;7;3.448275862;9;0;0;7.586206897;4
821;1;0;0;0;1;0;1;1;2;0;25;2;14.66666667;5;0;0;6.666666667;2.5;12;8
822;0;0;0;1;1;0;1;1;2;0;5;2;7.222222222;5;0;0;3.888888889;6.5;4.444444444;6
823;1;0;0;0;1;0;1;1;2;0;15;2;2.777777778;9;0;0;9.444444444;6.5;6.111111111;6
824;1;0;0;0;1;0;1;1;2;0;20;2;13.68421053;5;0;0;17.89473684;6.5;9.473684211;6
825;0;0;0;1;0;1;1;1;0;2;10;2;0;0;16.92307692;7;20;6.5;13.84615385;4
826;0;1;0;0;0;1;1;0;0;2;20;0;0;0;8.571428571;5;18.57142857;6.5;0;0
827;1;0;0;0;1;0;1;0;2;0;25;0;24.44444444;9;0;0;13.33333333;2.5;0;0
828;0;1;0;0;0;1;1;1;0;2;5;2;0;0;12.85714286;7;18.57142857;6.5;12.85714286;4
829;1;0;0;0;1;0;1;0;2;0;20;0;13.33333333;9;0;0;12;2.5;0;0
830;0;0;1;0;1;0;1;0;2;0;5;0;7.368421053;9;0;0;11.57894737;4.5;0;0
831;1;0;0;0;1;0;1;1;2;0;25;2;15.29411765;5;0;0;5.882352941;4.5;17.64705882;4
832;0;0;1;0;0;1;1;0;0;2;10;0;0;0;5.263157895;7;10.52631579;2.5;0;0
833;0;0;1;0;0;1;1;1;0;2;25;2;0;0;6.111111111;7;5;6.5;5;4
834;1;0;0;0;1;0;1;0;2;0;25;0;9.473684211;9;0;0;15.78947368;4.5;0;0
835;0;1;0;0;0;1;1;1;0;2;20;2;0;0;14.28571429;9;42.85714286;4.5;25.71428571;4
836;1;0;0;0;1;0;1;1;2;0;15;2;24.28571429;5;0;0;14.28571429;6.5;12.85714286;6
837;0;0;1;0;1;1;1;0;2;2;10;0;52;9;32;5;28;4.5;0;0
838;0;0;1;0;1;1;1;0;2;2;25;0;13.84615385;7;13.84615385;9;15.38461538;2.5;0;0
839;0;0;0;1;0;0;1;1;0;0;15;2;0;0;0;0;37.77777778;6.5;24.44444444;6
840;0;0;1;0;1;0;1;0;2;0;20;0;12.38095238;7;0;0;16.19047619;6.5;0;0
841;0;0;1;0;1;0;1;1;2;0;15;2;2.777777778;5;0;0;6.111111111;6.5;9.444444444;4
842;1;0;0;0;1;1;1;0;2;2;5;0;18.0952381;5;2.857142857;9;7.619047619;4.5;0;0
843;0;1;0;0;0;1;1;0;0;2;5;0;0;0;12;7;9.333333333;6.5;0;0
844;0;0;0;1;0;1;1;1;0;2;10;2;0;0;17.14285714;5;20;4.5;25.71428571;8
845;1;0;0;0;1;0;1;0;2;0;15;0;1.666666667;9;0;0;5;2.5;0;0
846;0;0;1;0;0;1;1;1;0;2;10;2;0;0;13.84615385;9;10.76923077;4.5;15.38461538;6
847;0;0;0;1;0;1;1;1;0;2;20;2;0;0;13.84615385;7;10.76923077;6.5;13.84615385;4
848;0;1;0;0;0;1;1;0;0;2;10;0;0;0;9.333333333;7;9.333333333;2.5;0;0
849;0;0;1;0;0;1;1;0;0;2;5;0;0;0;20;7;20;6.5;0;0
850;0;1;0;0;0;1;1;1;0;2;20;2;0;0;9.230769231;7;16.92307692;6.5;13.84615385;4
851;0;0;0;1;1;1;0;1;2;2;0;2;7.368421053;5;13.68421053;7;0;0;13.68421053;8
852;0;0;1;0;1;0;1;1;2;0;25;2;11.30434783;7;0;0;6.086956522;2.5;7.826086957;8
853;0;0;1;0;1;1;1;0;2;2;25;0;3.333333333;9;9.444444444;7;6.111111111;2.5;0;0
854;0;0;1;0;0;1;1;1;0;2;15;2;0;0;20;5;4.615384615;4.5;13.84615385;8
855;0;0;1;0;0;1;1;0;0;2;25;0;0;0;15.71428571;9;15.71428571;4.5;0;0
856;0;0;0;1;1;0;1;1;2;0;15;2;8.148148148;5;0;0;5.185185185;6.5;6.666666667;6
857;0;0;1;0;0;1;1;1;0;2;20;2;0;0;21.42857143;5;10;6.5;12.85714286;6
858;1;0;0;0;1;0;1;1;2;0;15;2;12.72727273;5;0;0;18.18181818;6.5;14.54545455;6
859;0;0;1;0;0;0;1;1;0;0;25;2;0;0;0;0;28.88888889;6.5;20;6
860;0;0;1;0;1;1;1;0;2;2;5;0;12.72727273;7;23.63636364;7;14.54545455;2.5;0;0
861;0;0;1;0;0;1;1;1;0;2;15;2;0;0;9.090909091;7;20;2.5;20;8
862;0;0;0;1;1;0;1;1;2;0;5;2;6.666666667;9;0;0;20;6.5;12;6
863;0;0;1;0;1;0;1;1;2;0;25;2;5.263157895;9;0;0;7.368421053;2.5;13.68421053;6
864;0;0;0;1;0;1;1;1;0;2;10;2;0;0;10.76923077;5;16.92307692;6.5;13.84615385;6
865;0;0;1;0;0;1;1;0;0;2;20;0;0;0;10.47619048;9;2.857142857;2.5;0;0
866;1;0;0;0;1;0;1;0;2;0;10;0;24.28571429;5;0;0;15.71428571;4.5;0;0
867;0;1;0;0;1;1;1;0;2;2;10;0;20;7;44;9;44;2.5;0;0
868;0;1;0;0;0;1;1;1;0;2;10;2;0;0;10.58823529;5;17.64705882;6.5;10.58823529;8
869;0;0;1;0;0;1;1;0;0;2;5;0;0;0;15.78947368;9;11.57894737;4.5;0;0
870;0;0;1;0;1;1;1;0;2;2;5;0;9.473684211;9;13.68421053;7;6.315789474;2.5;0;0
871;0;0;0;1;1;0;1;1;2;0;15;2;9.473684211;7;0;0;11.57894737;2.5;9.473684211;8
872;0;0;1;0;1;0;1;0;2;0;5;0;9.333333333;9;0;0;14.66666667;4.5;0;0
873;0;0;0;1;0;0;1;1;0;0;5;2;0;0;0;0;10.47619048;4.5;8.571428571;4
874;0;1;0;0;1;1;1;0;2;2;5;0;27.14285714;5;4.285714286;9;15.71428571;4.5;0;0
875;0;1;0;0;0;1;1;0;0;2;5;0;0;0;13.84615385;5;12.30769231;2.5;0;0
876;0;0;1;0;1;1;1;0;2;2;10;0;9.090909091;7;12.72727273;5;23.63636364;6.5;0;0
877;0;0;1;0;1;0;1;1;2;0;20;2;52;5;0;0;12;4.5;44;6
878;0;0;1;0;1;0;1;1;2;0;15;2;8.235294118;5;0;0;17.64705882;4.5;20;6
879;1;0;0;0;1;0;1;0;2;0;15;0;20;5;0;0;10.76923077;6.5;0;0
880;0;0;0;1;0;1;1;1;0;2;5;2;0;0;3.529411765;9;15.29411765;4.5;20;4
881;0;1;0;0;0;1;1;1;0;2;25;2;0;0;10.66666667;9;9.333333333;4.5;20;4
882;0;1;0;0;1;1;0;1;2;2;0;2;28;7;52;9;0;0;36;4
883;0;0;1;0;0;1;1;0;0;2;25;0;0;0;28.88888889;7;11.11111111;2.5;0;0
884;0;0;0;1;1;0;1;1;2;0;15;2;13.04347826;9;0;0;7.826086957;2.5;6.956521739;8
885;0;0;0;1;1;0;1;1;2;0;10;2;30.90909091;5;0;0;12.72727273;6.5;20;6
886;1;0;0;0;1;0;1;0;2;0;15;0;7.058823529;9;0;0;5.882352941;2.5;0;0
887;1;0;0;0;1;0;1;1;2;0;10;2;17.33333333;7;0;0;13.33333333;2.5;14.66666667;8
888;0;1;0;0;0;1;1;0;0;2;10;0;0;0;21.42857143;5;18.57142857;6.5;0;0
889;0;1;0;0;0;1;1;1;0;2;20;2;0;0;17.64705882;5;17.64705882;6.5;10.58823529;6
890;0;0;1;0;1;0;1;0;2;0;10;0;13.33333333;7;0;0;9.333333333;6.5;0;0
891;1;0;0;0;1;1;0;1;2;2;0;2;15.71428571;9;18.57142857;7;0;0;12.85714286;4
892;0;0;1;0;1;1;1;0;2;2;10;0;2.4;9;12;9;5.6;2.5;0;0
893;0;0;0;1;0;1;1;1;0;2;25;2;0;0;15.71428571;7;12.85714286;2.5;12.85714286;8
894;0;0;0;1;1;0;1;1;2;0;25;2;9.411764706;7;0;0;12.94117647;2.5;10.58823529;8
895;0;0;1;0;0;1;1;0;0;2;20;0;0;0;20;5;20;6.5;0;0
896;0;0;0;1;0;1;1;1;0;2;5;2;0;0;30.90909091;9;27.27272727;4.5;16.36363636;4
897;0;1;0;0;1;1;0;1;2;2;0;2;30.90909091;7;20;5;0;0;20;8
898;1;0;0;0;1;1;1;0;2;2;25;0;5.882352941;5;12.94117647;9;15.29411765;4.5;0;0
899;0;0;1;0;0;1;1;0;0;2;5;0;0;0;15.29411765;9;12.94117647;4.5;0;0
900;0;0;1;0;1;0;1;1;2;0;25;2;20;5;0;0;8.421052632;4.5;11.57894737;6
901;0;0;0;1;1;0;1;1;2;0;25;2;5.882352941;9;0;0;8.235294118;2.5;17.64705882;6
902;0;0;0;1;1;0;0;1;2;0;0;2;14.66666667;5;0;0;0;0;17.33333333;6
903;0;1;0;0;0;1;1;1;0;2;10;2;0;0;7.368421053;7;20;6.5;11.57894737;4
904;0;0;1;0;1;1;1;0;2;2;5;0;6.666666667;9;8.148148148;7;11.11111111;4.5;0;0
905;0;0;0;1;0;1;1;1;0;2;20;2;0;0;12.85714286;9;7.142857143;2.5;18.57142857;6
906;0;0;0;1;0;0;1;1;0;0;15;2;0;0;0;0;9.565217391;4.5;7.826086957;4
907;0;0;1;0;0;1;1;1;0;2;10;2;0;0;17.33333333;9;8;2.5;12;6
908;0;1;0;0;1;1;1;0;2;2;5;0;10.76923077;5;7.692307692;9;13.84615385;4.5;0;0
909;0;0;0;1;1;1;0;1;2;2;0;2;6.666666667;7;18.0952381;9;0;0;12.38095238;4
910;0;0;0;1;0;1;1;1;0;2;20;2;0;0;32;9;20;2.5;44;6
911;1;0;0;0;1;0;1;1;2;0;15;2;9.090909091;5;0;0;27.27272727;6.5;16.36363636;8
912;1;0;0;0;1;1;0;1;2;2;0;2;20;5;16.36363636;7;0;0;16.36363636;8
913;1;0;0;0;1;1;1;0;2;2;20;0;10.76923077;7;16.92307692;5;29.23076923;4.5;0;0
914;0;0;1;0;0;1;1;0;0;2;10;0;0;0;20;9;4.615384615;2.5;0;0
915;1;0;0;0;1;0;1;1;2;0;25;2;6.666666667;9;0;0;10.47619048;4.5;8.571428571;4
916;0;0;1;0;0;0;1;1;0;0;15;2;0;0;0;0;8.235294118;4.5;20;4
917;0;0;1;0;0;1;1;1;0;2;5;2;0;0;20;5;7.368421053;6.5;9.473684211;6
918;0;0;0;1;0;1;1;1;0;2;5;2;0;0;10;9;15.71428571;4.5;12.85714286;4
919;1;0;0;0;1;0;1;1;2;0;5;2;5.714285714;5;0;0;6.666666667;6.5;8.571428571;6
920;1;0;0;0;1;0;1;1;2;0;15;2;10;7;0;0;27.14285714;4.5;15.71428571;4
921;0;0;0;1;0;1;1;1;0;2;10;2;0;0;11.76470588;5;10.58823529;2.5;10.58823529;6
922;0;0;0;1;1;0;1;1;2;0;15;2;3.888888889;5;0;0;9.444444444;6.5;6.111111111;6
923;0;0;0;1;0;1;1;1;0;2;25;2;0;0;10.4;9;4;4.5;8.8;4
924;0;0;1;0;1;1;1;0;2;2;15;0;8.421052632;5;7.368421053;7;7.368421053;6.5;0;0
925;1;0;0;0;1;1;0;1;2;2;0;2;16.92307692;7;20;5;0;0;13.84615385;8
926;0;0;0;1;1;0;1;1;2;0;5;2;8.695652174;7;0;0;7.826086957;2.5;9.565217391;8
927;0;0;1;0;1;1;1;0;2;2;10;0;3.448275862;9;4.137931034;7;7.586206897;2.5;0;0
928;0;0;1;0;0;1;1;0;0;2;20;0;0;0;28.88888889;7;15.55555556;6.5;0;0
929;1;0;0;0;1;1;1;0;2;2;10;0;5;9;7.222222222;5;2.777777778;4.5;0;0
930;0;1;0;0;1;1;1;0;2;2;10;0;7.2;9;4;7;5.6;2.5;0;0
931;1;0;0;0;1;0;1;1;2;0;5;2;8.235294118;5;0;0;5.882352941;4.5;11.76470588;6
932;0;0;1;0;0;1;1;1;0;2;5;2;0;0;15.78947368;7;5.263157895;2.5;9.473684211;8
933;0;1;0;0;1;1;0;1;2;2;0;2;10.34482759;9;6.206896552;7;0;0;6.206896552;4
934;1;0;0;0;1;1;1;0;2;2;5;0;31.42857143;9;31.42857143;7;31.42857143;2.5;0;0
935;1;0;0;0;1;1;1;0;2;2;5;0;33.33333333;5;11.11111111;9;15.55555556;4.5;0;0
936;0;0;1;0;1;0;1;1;2;0;10;2;22.35294118;7;0;0;8.235294118;6.5;12.94117647;4
937;0;0;0;1;1;0;1;1;2;0;5;2;44;9;0;0;24;4.5;32;4
938;0;0;1;0;0;0;1;1;0;0;15;2;0;0;0;0;8.421052632;2.5;9.473684211;6
939;0;1;0;0;1;1;0;0;2;2;0;0;28.88888889;7;15.55555556;9;0;0;0;0
940;1;0;0;0;1;0;1;1;2;0;25;2;24;9;0;0;28;4.5;76;4
941;0;0;0;1;1;0;1;1;2;0;25;2;8.235294118;9;0;0;12.94117647;2.5;12.94117647;6
942;0;0;1;0;1;0;1;1;2;0;25;2;4.285714286;7;0;0;15.71428571;6.5;18.57142857;4
943;1;0;0;0;1;1;1;0;2;2;10;0;20;9;28.88888889;5;11.11111111;4.5;0;0
944;0;0;0;1;1;0;0;1;2;0;0;2;10.34482759;5;0;0;0;0;6.206896552;8
945;0;0;0;1;0;1;1;1;0;2;25;2;0;0;28.88888889;7;13.33333333;6.5;20;4
946;0;0;0;1;0;1;1;1;0;2;10;2;0;0;3.888888889;9;3.888888889;4.5;5;4
947;1;0;0;0;1;0;1;1;2;0;25;2;6.666666667;7;0;0;33.33333333;6.5;20;4
948;0;0;0;1;0;1;1;1;0;2;20;2;0;0;16.92307692;9;16.92307692;2.5;16.92307692;6
949;0;0;1;0;1;0;1;0;2;0;20;0;12;5;0;0;15.2;6.5;0;0
950;0;0;0;1;0;1;1;1;0;2;15;2;0;0;37.14285714;5;20;4.5;25.71428571;8
951;0;0;0;1;0;0;1;1;0;0;20;2;0;0;0;0;6.111111111;4.5;4.444444444;4
952;1;0;0;0;1;1;1;0;2;2;10;0;12.72727273;7;9.090909091;7;12.72727273;6.5;0;0
953;0;0;1;0;1;1;1;0;2;2;5;0;9.333333333;5;25.33333333;5;9.333333333;6.5;0;0
954;0;0;1;0;1;1;1;0;2;2;20;0;11.57894737;9;13.68421053;5;5.263157895;4.5;0;0
955;0;0;0;1;1;0;1;1;2;0;10;2;9.090909091;9;0;0;16.36363636;2.5;16.36363636;4
956;0;0;0;1;0;1;1;1;0;2;25;2;0;0;17.14285714;5;37.14285714;4.5;28.57142857;8
957;0;1;0;0;0;1;1;1;0;2;25;2;0;0;17.33333333;5;25.33333333;4.5;17.33333333;8
958;1;0;0;0;1;1;1;0;2;2;10;0;4;9;12;5;20;4.5;0;0
959;1;0;0;0;1;0;1;1;2;0;20;2;16.52173913;9;0;0;6.086956522;2.5;7.826086957;4
960;1;0;0;0;1;1;0;1;2;2;0;2;7.142857143;7;21.42857143;5;0;0;15.71428571;8
961;1;0;0;0;1;1;1;0;2;2;10;0;17.14285714;9;37.14285714;7;20;2.5;0;0
962;0;0;0;1;0;0;1;1;0;0;5;2;0;0;0;0;12.72727273;2.5;27.27272727;6
963;0;0;0;1;1;1;0;1;2;2;0;2;24.44444444;5;6.666666667;9;0;0;24.44444444;6
964;0;0;1;0;1;0;1;1;2;0;10;2;10.76923077;7;0;0;10.76923077;6.5;16.92307692;4
965;0;0;1;0;0;1;1;0;0;2;5;0;0;0;12.38095238;5;6.666666667;4.5;0;0
966;1;0;0;0;1;1;1;0;2;2;15;0;11.30434783;9;16.52173913;7;6.086956522;2.5;0;0
967;0;0;0;1;1;1;0;1;2;2;0;2;10.47619048;5;2.857142857;9;0;0;10.47619048;6
968;0;0;1;0;0;1;1;1;0;2;10;2;0;0;11.42857143;7;18.57142857;6.5;21.42857143;4
969;1;0;0;0;1;0;1;1;2;0;10;2;36;9;0;0;52;4.5;60;4
970;1;0;0;0;1;1;1;0;2;2;5;0;22.22222222;7;28.88888889;9;20;2.5;0;0
971;0;0;1;0;1;0;1;0;2;0;15;0;17.64705882;5;0;0;10.58823529;6.5;0;0
972;0;0;0;1;0;0;1;1;0;0;10;2;0;0;0;0;24.44444444;2.5;33.33333333;6
973;0;0;1;0;1;0;1;0;2;0;25;0;9.473684211;9;0;0;15.78947368;4.5;0;0
974;0;1;0;0;1;1;1;0;2;2;25;0;20;9;10.76923077;7;13.84615385;2.5;0;0
975;1;0;0;0;1;0;1;1;2;0;20;2;70;9;0;0;130;4.5;80;4
976;0;0;0;1;1;0;1;1;2;0;20;2;3.888888889;7;0;0;5;2.5;5;8
977;0;0;1;0;0;1;1;1;0;2;25;2;0;0;25.33333333;7;17.33333333;6.5;12;4
978;0;0;0;1;1;1;0;1;2;2;0;2;17.89473684;5;15.78947368;9;0;0;9.473684211;6
979;0;0;0;1;0;1;1;1;0;2;25;2;0;0;7.222222222;9;3.333333333;4.5;4.444444444;4
980;1;0;0;0;1;1;1;0;2;2;20;0;22.85714286;9;54.28571429;7;20;2.5;0;0
981;0;0;1;0;0;0;1;1;0;0;25;2;0;0;0;0;1.666666667;2.5;5;8
982;0;1;0;0;0;1;1;0;0;2;15;0;0;0;20;5;10.90909091;4.5;0;0
983;0;0;0;1;1;0;1;1;2;0;25;2;7.692307692;9;0;0;13.84615385;2.5;13.84615385;6
984;0;1;0;0;0;1;1;0;0;2;20;0;0;0;7.142857143;9;12.85714286;2.5;0;0
985;0;0;0;1;0;0;1;1;0;0;10;2;0;0;0;0;10;4.5;12.85714286;4
986;0;1;0;0;0;1;1;1;0;2;25;2;0;0;3.529411765;9;20;4.5;12.94117647;4
987;1;0;0;0;1;1;1;0;2;2;15;0;11.57894737;7;9.473684211;5;9.473684211;6.5;0;0
988;0;0;0;1;0;1;1;1;0;2;10;2;0;0;9.090909091;5;18.18181818;6.5;16.36363636;6
989;0;0;1;0;1;0;1;1;2;0;25;2;16.36363636;7;0;0;30.90909091;6.5;16.36363636;4
990;0;0;0;1;0;0;1;1;0;0;20;2;0;0;0;0;5.263157895;4.5;9.473684211;8
991;0;0;1;0;0;1;1;0;0;2;15;0;0;0;11.57894737;9;7.368421053;2.5;0;0
992;1;0;0;0;1;0;1;1;2;0;15;2;4.615384615;9;0;0;13.84615385;4.5;20;4
993;0;0;0;1;0;1;1;1;0;2;25;2;0;0;6.206896552;7;3.448275862;2.5;6.896551724;8
994;0;1;0;0;1;1;0;1;2;2;0;2;28.88888889;7;15.55555556;9;0;0;20;4
995;0;0;1;0;0;1;1;0;0;2;25;0;0;0;9.333333333;7;25.33333333;6.5;0;0
996;0;1;0;0;1;1;1;0;2;2;5;0;24.28571429;5;10;7;18.57142857;6.5;0;0
997;0;0;0;1;1;0;1;1;2;0;25;2;5;7;0;0;3.888888889;6.5;9.444444444;4
998;0;0;1;0;1;0;1;0;2;0;10;0;7.222222222;7;0;0;6.111111111;6.5;0;0
999;0;0;1;0;0;0;1;1;0;0;10;2;0;0;0;0;7.826086957;4.5;9.565217391;4
